연번,작가,부문,명제,제작년도,규격
1,박생광,한국화,십장생(학),1980,134.5x136
2,박생광,한국화,포도와 다람쥐,1978,63x96
3,문신,회화,뒷산과 하늘(언덕-구름B),1948,68x51
4,박생광,한국화,단청과 대들보,1977,54x80
5,문신,회화,두 여인,1974,액자포함 : 72×64.5 / 작품 : 51.8×44.7
6,강신석,회화,가오리,1972,44x37
7,초삼랑,회화,경상남도 조감도,1930,53x238
8,송혜수,회화,통영 앞 바다,1965,41x53
9,김영교,회화,도봉산,1984,43x52
10,이형섭,한국화,외금강산도,1980,59x40
11,이규옥,한국화,산수,1980,101x317.5
12,양달석,회화,목동,1970,43×65
13,류시원,회화,인물,1987,33x24
14,박윤성,회화,가족,1984,17x27
15,최운,회화,바다,1976,27.5x37
16,서상환,드로잉,무제,1971,54×39.5
17,서상환,회화,인물,1962,38x29
18,최운,회화,도원풍경,1984,36x52
19,이상갑,회화,원두막과 소,1990,24x34
20,오제봉,서예,무아,1980,99x186.5
21,황규백,판화,잔디밭,1978,37×32
22,최기원,드로잉,에스키스,1970,38x51.5
23,강신석,회화,물고기,1973,21x27.5
24,이영배,드로잉,마른감 뎃생,2002,35.5x40.5
25,안창홍,드로잉,성난 개,1988,27x19.5
26,김종식,회화,녹심,1964,17x25
27,김경,드로잉,명태,1960,21.5x13.5
28,전혁림,공예,호랑이 탈,1970,경:23 높이:10.5
29,한묵,드로잉,얼굴,1950,24x19.5
30,이성자,판화,다섯번의 파도1,1959,18x19
31,이만익,회화,여인,1989,18.2x23.3
32,김경,드로잉,소,1960,19x25
33,전혁림,회화,구성,1998,21x14
34,박생광,한국화,연하장,1969,21x14
35,송혜수,회화,누드,1975,26x22
36,장욱진,드로잉,인도화상,1988,29x30
37,이성자,판화,다섯번의 파도2,1959,17.5x19
38,안창홍,회화,들고양이,2001,32x41
39,이철수,판화,월하곡,1989,23.5x30.5
40,문신,드로잉,무제,1976,49.5x32
41,이우환,회화,조응,2001,38x51
42,최석운,회화,이발하는 사람,1991,90.5x73
43,전혁림,회화,학,1979,45x41
44,천재동,공예,탈,1971,23x26x19
45,천재동,공예,탈,1980,23x25x14
46,방정아,회화,급한 목욕,1994,145.5x97
47,김종식,회화,통영,1979,43x52
48,이석우,한국화,환월도,1977,244.5x114.5
49,고바야시,판화,군무,1999,111.5×138.3
50,고바야시,판화,군무,1994,105×75
51,이성자,판화,1월의 도시 74,1974,55x72
52,이성자,판화,무제,1975,63x48
53,이성자,판화,대척지로 가는 길,1980,44x58
54,조경옥,회화,풍경(주변이야기),1998,28x59
55,전혁림,회화,군조,1970,59x48
56,전혁림,회화,오리가 있는 정물,1970,39x52
57,전혁림,공예,직사각 과반,1983,29×36×h4
58,김형근,회화,맞은편 전경,1972,99.5×76
59,신종식,회화,지리산 가는 길,2001,52x72
60,박생광,한국화,부귀모란도,1983,132.5x37.5
61,박생광,한국화,한라산 일출봉,1974,64x82
62,박생광,한국화,꽃사슴,1974,64x125
63,이성자,회화,밭고랑에 메아리,1962,114x160
64,이우환,회화,With Winds,1990,228×182
65,전혁림,회화,호수,1994,180×226
66,곽인식,회화,Work 81-U,1981,152×107
67,남관,회화,"밤, 율동 I",1981,90x182
68,남관,회화,"밤, 율동 II",1982,90×182
69,문학진,회화,소녀와 악기,2002,130.5x130.5
70,도상봉,회화,폐허,1953,73x90
71,이성자,회화,샘물의 신비 II,1963,162.2x130.3
72,이응노,한국화,소,1950,37x56
73,채준,회화,성기,1989,100x80.3
74,채준,회화,성기B,1989,90.9x72.7
75,채준,회화,할머니에게,1992,80.3x65.5
76,채준,회화,안녕히,1997,90.9x72.7
77,채준,회화,한마음,1989,61×45.5
78,채준,회화,세월 43년,1988,72.7x60.6
79,채준,회화,희망,1988,91×73
80,채준,회화,참가하는데 의의는 없다.,1988,72.7x60.6
81,채준,회화,자원을 소중히,1991,72.7x60.6
82,채준,회화,무겁다,1999,91×60.7
83,채준,회화,위를 쳐다보지마,1990,90.9x65.1
84,채준,회화,할머니의 이야기,1997,130x130
85,채준,회화,누구냐,1989,72.7x60.6
86,채준,회화,백의 비극,1997,162×112
87,채준,회화,한바의 소녀,1999,90.9x72.7
88,채준,회화,그들,1991,116.5x172
89,채준,회화,그들은 변하지 않았다.,1991,90.9x72.9
90,채준,회화,물질문명,1988,72.7x60.6
91,채준,회화,풍작,1997,90.9x65.5
92,채준,회화,모략 A,1988,100x80.3
93,채준,회화,모략 C,1988,100x80.3
94,채준,회화,모략 B,1988,100x80.3
95,채준,회화,밀조할머니,1999,80.3x65.5
96,채준,회화,1+1=1,2002,100x65.5
97,채준,회화,Catastrophe,2002,100x80.3
98,채준,회화,표적(Target),2002,100x80.3
99,채준,회화,뒤,2002,130×162
100,채준,회화,우울,2002,53.3×65.2
101,채준,회화,여론,2002,90.9x65.5
102,채준,회화,두 사이,2002,100x80.3
103,채준,회화,침식,2002,53x41
104,채준,회화,출근,1997,90.9x72.7
105,채준,회화,분해,2002,53x45.7
106,채준,회화,불길한 예감 I,2003,97×130
107,채준,회화,나,2002,112×146
108,채준,회화,자신의 가운데,2002,65.5×53.3
109,채준,회화,길 위의 돌,2002,90.9x72.7
110,채준,회화,불길한 예감 II,1996,80.5×100
111,채준,회화,방랑생활,1982,56.8x38.4
112,채준,드로잉,무제,1985,20x13
113,채준,회화,만화1조( 50점),1980,27x21
114,노홍석,조각,문,1993,150x69x48
115,노홍석,조각,벽,1995,60x30x30
116,노홍석,조각,길,1995,200x300x150
117,이진이,회화,무제,2002,130×162
118,이진이,회화,이별,2002,73×90.9
119,김원숙,회화,무제,2001,31x31
120,전혁림,회화,오륙도,1950,35x43
121,한상돈,회화,풍경,1979,41x52
122,황규응,회화,을숙도풍경,1980,39x50
123,이규옥,한국화,화조도,1980,44x52
124,추연근,회화,무제,1960,66x49
125,안창홍,회화,선바위마을 손씨,1999,108.5×78
126,다까하시 마사루,조각,여행,1999,69x8x64
127,다까하시 마사루,조각,여행,1999,66x12x67
128,전혁림,회화,농악,2000,780x227
129,류시원,회화,풍경,2000,36x44
130,김형근,회화,소녀의 꿈,2000,290.9x218.2
131,김형근,회화,소녀의 기도,2000,40×31
132,이한우,회화,아름다운 강산,1999,200x500
133,신재균,공예,백자항아리,1999,구경:15.5 높이31
134,김아타,사진,Museum project no. 001,1995,118×158
135,김아타,사진,Museum project no. 002,1996,118×156
136,김아타,사진,Museum project no. 005,1997,118×156
137,김아타,사진,Museum project no. 010,1997,118×156
138,김아타,사진,Museum project no. 017,1997,118×158
139,김아타,사진,Museum project no. 018,1997,120x175
140,김아타,사진,Museum project no. 019,1999,118×158
141,김아타,사진,Museum project no. 035,1998,120x156
142,김아타,사진,Museum project no. 038,1998,118×156
143,김아타,사진,Museum project no. 046,1997,118×156
144,김아타,사진,Museum project no. 004,1997,118×156
145,김아타,사진,Museum project no. 025,1997,118×156
146,김아타,사진,Museum project no. 026,1997,156×118
147,김아타,사진,Museum project no. 028,1997,156×118
148,김아타,사진,Museum project no. 062,1999,120x156
149,양달석,회화,풍경,1950,35x47
150,노원희,회화,무소식,2001,60×72
151,유강렬,판화,무제,1970,42.5×31.5
152,김응기,한국화,메모,1987,51x82
153,설종보,회화,산복도로,2000,130×162×3
154,박생광,한국화,비봉풍경(비봉모),1943,47x67
155,박생광,한국화,금강산도병풍10곡,1963,128.5×32.5×10
156,박생광,한국화,귀소도,1970,60.6×72.7
157,박생광,한국화,나비와 창,1976,40.9x53
158,강신석,회화,제주풍경,1970,39.5×50
159,이태규,회화,산사,1977,51×44
160,전혁림,회화,도화,1970,40x49
161,이준,회화,A-70-D,1989,110×193
162,이준,회화,일월,1992,164x210
163,채준,회화,유리구슬,2002,130×162
164,채준,회화,호적이 없는 사람,2002,112×162
165,박종배,조각,무제(내려오는 자를 위하여),1983,53x43×130
166,김태정,회화,자연회귀,1990,120.5×162
167,유강렬,판화,달밤,1958,52x69
168,유강렬,판화,pond,1967,71x53
169,양달석,드로잉,풍경,1950,20×26
170,최영림,회화,인물,1974,46x27
171,이철수,판화,새소리,1994,61.5x41
172,심점환,회화,깊은잠 무기력,1997,90×72
173,설종보,회화,동강아리랑,2003,162×130×3
174,구로자키 아키라,판화,무제,1973,61×84
175,이상욱,판화,무제,1982,49×64
176,안창홍,회화,파리와 여인,1998,53x33.5
177,최운,한국화,새우,1984,34x16
178,최운,드로잉,새우,1980,10.5x26
179,박성환,회화,농악,1979,26x18
180,신창호,회화,풍경,1997,20x26
181,사석원,회화,닭,2001,22.5x15
182,황인학,조각,모자상,1984,33x25.5
183,김종근,회화,무제,1996,60×72.5
184,하인두,회화,청색조,1984,162x130
185,하인두,회화,작품,1985,162x130
186,하인두,회화,생명의 원,1988,130x162
187,하인두,회화,혼불-빛의 회오리,1988,130x162
188,문신,조각,흑단,1978,18.5×14.4×56
189,곽덕준,판화,사회-벽화,1992,45x55
190,김일랑,회화,고도의 봄,1997,110×144
191,김재규,회화,포구-97,1997,144.5×111.5
192,남정현,회화,산 이미지,1997,116.7x116.7
193,박종갑,회화,현존87-6,1987,58×70
194,송수남,한국화,호산정,1980,62.5×92
195,안재덕,회화,기억의 초상,1989,130×162
196,양태석,한국화,단양소견,1997,125×158.5
197,윤병석,회화,형,1997,130×162
198,이강화,회화,흐름-엉겅퀴,2001,64×91
199,이경수,한국화,만남9226,1992,162×130
200,이상갑,회화,삶(어시장),1980,143×110
201,이상갑,회화,지리산의 잔설,1984,31×52
202,이태규,회화,남망산에서 바라본 풍경,1967,65×72
203,이한우,회화,수향,1983,45×53
204,전혁림,회화,이조자수에서,1999,30×39
205,정문규,회화,EVE,1997,130×162
206,정상돌,회화,무학산,1980,51×44
207,정상돌,회화,마산항,1985,60×71.5
208,정상복,회화,가야산 풍경,1987,37×52.5
209,정상복,회화,풍경,1997,44.5×69.5
210,최광선,회화,산,1999,90×71
211,최운,회화,화락군해행렬도,1982,70×130
212,최운,회화,게,1987,35×24
213,홍석창,한국화,묵+논리,1995,168.5×132.5
214,황원철,회화,바람의 궤적,1995,130×162
215,문신,조각,和(화),1984,269×65×191
216,아쯔오 오카모토,조각,보금자리의 표면,2000,285x160x190
217,카를로스 바레이라,조각,무 마찰,2000,120x120x400
218,덕 부이스,조각,우리가 갈 곳,2000,800x700x200
219,플로리안 클레어,조각,240개의 세포,2000,390x390x390
220,제랄드 시칠리아노,조각,추락하는 이카루스,2000,90x195x410
221,가린 반 오메런,조각,달,2000,180x75x300
222,말톤 바로,조각,10개의 정육면체,2000,70x120x300
223,멜리톤 리베라,조각,어머니 지구-아버지 태양,2000,250x110x210
224,리날도 비지,조각,경남의 몬티벨로,2000,300x230x370
225,블라디미르 스코다,조각,세계의 축,2000,180×180×180
226,강은엽,조각,섬으로의 초대,2000,530x390x110
227,김광우,조각,인간+우연+자연,2000,223x150x150
228,김영욱,조각,푸가,2000,560x153x110
229,박상호,조각,생명2000,2000,920x158.5x500
230,심부섭,조각,존재 그 자체,2000,74x385.5x196
231,임동락,조각,point-人+間,2000,110x90x500
232,임형준,조각,소리2000,2000,140x70x600
233,정관모,조각,표상 의식의 현현,2000,60x60x420x3
234,정회만,조각,밀레니엄+마음,2000,250x400x300
235,한창조,조각,창원2000,2000,156x300x300
236,막스샤르볼렌,조각,델피의 마쌀리오트 유적,2003,360×262×520
237,다니엘 꾸브뢰르,조각,경남의 오벨리스크,2003,180×180×500
238,프란체스코 크레모니,조각,화석,2003,305×205×160
239,알버트 헤팅거,조각,숨겨진 용의 짝,2003,240×190×200
240,레널드 우소,조각,바람의 춤,2003,300×90×670
241,김종호,조각,직면,2003,170×180×210
242,김청정,조각,빛살.울림,2003,195×195×500
243,박종배,조각,추구,2003,370×300×355
244,연제동,조각,전언,2003,760×330×350
245,이갑열,조각,인간의 길,2003,396×124×320
246,이명림,조각,밀레니엄-방주,2003,439×247×160
247,이종빈,조각,생각하는 나무,2003,220×240×290
248,김청정,판화,들녁2,1970,49x48.5
249,김청정,판화,무제,1980,6x6
250,하인두,회화,상,1950,38.5x46
251,황인학,드로잉,소,1985,53x38
252,마코토 아오키,회화,항적,2003,130x187
253,마코토 아오키,회화,항적,2003,130X195
254,곽인식,판화,작품-D,1983,58X39.5
255,석영기,판화,매조,1995,40.5X28
256,홍정희,회화,추상,1980,52X44.5
257,이존수,회화,자연과 인간,1981,52X44
258,안영일,판화,무제,1970,37X41
259,이철수,판화,만월,1999,40X47
260,황규응,회화,풍경,1998,18X26
261,하종현,회화,접합,1995,25X34
262,최영림,판화,물고기,1960,27×35.5
263,야요이 쿠사마,판화,레몬스퀘시,1999,57X46
264,임직순,드로잉,무제,1972,24×34
265,기무라 코우스케,판화,Pierrot,1980,34X48.5
266,이융세,회화,,1982,63.5X63.5
267,김원백,드로잉,生-2,1982,50X39
268,김원숙,회화,벌목,1990,42X60
269,히사유키 모가미,한국화,,1998,69×49
270,허황,회화,가변의식(可變意識),1979,37.5X61
271,양달석,회화,나무꾼,1950,70.5×50.5
272,황호섭,회화,무제,1985,34X40
273,안종연,회화,물고기,1992,27X28
274,추연근,회화,비상,1992,23X16
275,문신,드로잉,무제,1980,29X21.5
276,이원희,회화,신옥진 초상,1996,53X45
277,김진정,한국화,head-무상,2003,208×145×3
278,이강소,판화,untitled,1997,194.5×124
279,이강소,판화,untitled,1997,124.5×225
280,이강소,판화,untitled,1997,125×194.5
281,이우환,판화,In milano,1992,150x90/5
282,박생광,한국화,금산사의 추녀,1983,136x137
283,남관,회화,무제,1988,163x130
284,김화경,한국화,혹서의 휴식처,1972,119×119
285,김영기,한국화,수세미,1973,88X92
286,이강소,회화,UNTITLED92187,1992,194×258.5
287,이강소,회화,강가에서99225,1999,259X194
288,이우환,판화,출항지,1991,130.5x199
289,이우환,판화,FROM LINE,1981,28X34/12
290,이우환,판화,FROM POINT,1977,40X54/8
291,이우환,판화,도시의 기억,1989,60X80/6
292,이한우,회화,십장생,2003,130.3X162.2
293,성재휴,한국화,동자와 황소,1966,65x128
294,조중현,한국화,소,1976,100x131
295,공타,회화,겨울이야기,2004,197X333
296,노춘석,회화,매화,2004,194X518
297,이임호,회화,욕지도 하누리,2004,180X720
298,박현효,회화,청암에 살다,2004,260X324
299,김형근,회화,한려수도,1983,200x500
300,백광익,회화,오름위에 부는 바람 별,2005,162X259
301,곽덕준,회화,사회-벽화,1995,217x332
302,김영주,회화,신화시대,1991,130x162
303,전수창,회화,달중의 달,1989,130x162
304,이존수,회화,선험적이미지,1988,97x162
305,강정완,회화,사랑의 저력,1992,130x162
306,윤병석,회화,모정(meternal affection),1996,188x185
307,류시원,회화,풍경,2005,145.5x112.1
308,권순철,회화,얼굴,1990,162x130
309,정상화,회화,"작품5-A,B",1971,162x260
310,하종현,회화,접합03-13,2003,195x260
311,김재규,회화,영(影),1970,145x97
312,박생광,한국화,십장생도,1969,30x653
313,조영제,회화,촉석루-여름,1950,58x88
314,이림,회화,념(念),1970,97x77
315,이림,회화,향(鄕),1972,97x77
316,홍영표,회화,지리산,1978,79.5x115
317,박기태,회화,인물,2005,100x68.5
318,안상철,한국화,황홍모란분재,1985,79x115
319,안상철,한국화,목련분재,1987,48.5x120
320,박성규,회화,정(情),1989,89x145.5
321,이병석,회화,심상-바람이 머무는 곳,2003,112x162
322,이달우,회화,그리고 M2 78-2,1977,162x130
323,김안영,한국화,어락도,1979,165x135
324,심명보,회화,The Rose,1997,131x260
325,박찬갑,조각,아리랑,2004,15×40×90×2
326,한인성,조각,소망,1991,210x180x70
327,노재황,판화,붉은 수련,1992,50X70
328,노재황,판화,자작나무1,1992,50X70
329,노재황,판화,자작나무2,1992,50X70
330,최현칠,공예,가족,1991,15X180X60
331,김재규,회화,만선,1995,97X162
332,후쿠모토 마사노리,공예,장식향로,2000,28x19x41
333,쯔지타 테루유키,공예,향로,2000,13x13x24
334,쯔지타 테루유키,공예,향로,2000,13x13x22
335,쯔지타 테루유키,공예,백자용문향합,2000,8x8x4
336,이병석,회화,산정무한(바람이 불어오는 곳),1980,96x130
337,정문현,회화,하이얀 새,1980,99x99
338,박장화,한국화,송학,1980,180x450
339,최태문,한국화,귀로,1987,68x134
340,안재덕,회화,시골소녀,1980,60x72
341,박순흔,회화,토기의 환상,1990,130x162
342,김철성,한국화,하일한색,1990,168x132
343,이태길,회화,축제,1990,37x44
344,김춘옥,한국화,자연에서,1997,70x88
345,전혁림,공예,접시,1970,32x32x4
346,한인성,조각,결실,1997,28x20x72
347,진종만,공예,백자달항아리,1990,32x32x32
348,진종만,공예,샙장생문매병,1990,27x27x41
349,박생광,한국화,가락왕릉도,1960,21.5x121.5
350,박충검,한국화,89무제,1989,54x89
351,조순호,한국화,숲,2005,142x171
352,박대성,한국화,산수,1978,174x163
353,정덕상,한국화,해묵금강산,1975,35x113x2
354,박충검,한국화,하도,2000,61x72.5
355,박생광,한국화,탐라실경,1950,45x57
356,박생광,한국화,청룡도,1980,40x60
357,박생광,한국화,진주성 서장대,1979,69x47
358,변관식,한국화,기명절지,1958,119x56
359,박인현,한국화,우산-박연폭포,2007,179.5x120
360,이상갑,회화,해녀,1957,162.5x130.3
361,강국진,회화,가락87-3,1987,227x182
362,이림,회화,정물,1957,46x32
363,김홍석,회화,개폐,1981,115.5x70.5
364,이상갑,회화,복숭아,1936,31.8x40.9
365,유택렬,회화,작품 60-L,1960,97x162.2
366,송혜수,회화,추상1,1965,60x80
367,현재호,회화,시장만찬,1990,120x310
368,하종현,회화,접합 2002.39,2002,260x194
369,정문규,회화,상(象),1963,162.2x112.2
370,정진윤,회화,노래하는화가L형,1987,160x130
371,송혜수,회화,추상2,1965,60x72
372,이실구,회화,무제,1997,130.3x162.1
373,배기준,회화,풍경,1980,38x45.5
374,한기주,회화,WORK-A Gap,2005,232x127
375,김동권,회화,겨울,1970,33.5x24.5
376,김홍석,회화,발아,1991,60x72
377,이우환,회화,Form Line,1983,45.5x53
378,정문현,회화,토질,1967,160x130
379,조영제,회화,촉석루-봄,1950,41x71
380,박길웅,회화,흔적,1974,31x40
381,김태호,회화,내재율 2004-6,2004,162.8x131
382,이강소,회화,from an island,2007,72.7x91
383,조영제,회화,촉석루-가을,1950,47x72.5
384,조영제,회화,촉석루-겨울,1950,48x63.5
385,백순공,회화,무제-일상의 사유,2004,117.5x182
386,오영재,회화,풍중목련,1974,43x32
387,하태홍,회화,옛이야기,1975,130x130
388,김종영,조각,WORK 67-5,1967,76X18X9
389,김영원,조각,중력 무중력,1989,203X31X33
390,정무길,조각,뽀뽀,2001,49X40X20
391,한진섭,조각,복덩이 가족,2007,사방 3m설치
392,손현욱,조각,모자상,2007,사방 5m설치
393,한진섭,조각,복덩이 가족,2007,사방 3m설치
394,김경,판화,소,1957,38x64
395,이용길,판화,마른고기(건어),1960,26x36.5
396,채경혜,판화,광상곡9929,1999,105x304
397,김용식,판화,영원과 한계,2005,100x70
398,김종영,드로잉,나무가 있는 풍경,1971,41.5x30
399,김성수,공예,장식장1.음양,2007,160x46x66
400,구자홍,공예,공간,2007,100x140
401,민영기,공예,도도야 다완,2006,6x15x15.6
402,배종태,공예,大 정호다완,2002,9x15.5
403,송승화,공예,다완,2007,8x14.5
404,황동구,공예,이도 차사발,2006,9x15.7
405,최웅택,공예,이도 다완,2007,7.5x15.5
406,안신향,공예,은하수,2004,7.5x14.6
407,최규옥,공예,분청 귀양문 다완,2007,7.6x16.3x16.2
408,박생광,한국화,고루도,1950,34x44
409,박생광,한국화,금강산보덕암도,1960,126x32
410,강국진,회화,무제1,1964,130x192
411,이마이즈미 켄지,회화,EA03-182-Draw,2003,162x130
412,미쯔유키 요코,회화,평화2003-E,2003,162x130
413,야마조에 코지,회화,풍경-신기루,2004,60x91
414,야카조에 코지,회화,풍경-수기,2004,60x91
415,우다가와 노리토,회화,X2005-1,2005,130c162
416,휴고 바스티다스,회화,검은 웅덩이,2005,203x203
417,김주석,회화,자연과인간,1964,119x83
418,길성,공예,이도다완,2003,9x15.5
419,안홍관,공예,김해명다완,2007,9x11.5
420,박주옥,공예,달무리,2007,8.7x13.3
421,강국진,판화,Jan-58,1972,39x59.5
422,강국진,판화,Jan-57,1972,39x59.5
423,강국진,판화,situation9-1,1973,31x47
424,강국진,판화,situation9-9,1973,31x47
425,강국진,판화,a nation,1972,30.8x36.7
426,강국진,판화,무제,1972,36x33
427,강국진,판화,무제,1973,30.8x36
428,강국진,판화,무제8-23,1973,31x47
429,강국진,판화,무제8-19,1973,31x47
430,강국진,판화,무제8-4,1973,31x47
431,강국진,판화,a nation,1972,24x37.2
432,강국진,판화,41-23,1972,35.4x24.9
433,강국진,판화,10-38,1973,15x15
434,강국진,판화,Buddha,1972,30.8x36.5
435,강국진,판화,마당놀이1,1970,37.8x32
436,강국진,판화,마당놀이2,1970,36.2x30.2
437,강국진,판화,각시,1973,11.9x11.7
438,강국진,판화,burning,1976,40.5x55.5
439,강국진,판화,burning,1976,40.5x55.5
440,강국진,판화,130-2,1978,24x31
441,강국진,판화,rythme176-1,1983,45.5x60.9
442,강국진,판화,224-1,1987,42x57
443,강국진,판화,223-5,1987,42x60
444,강국진,판화,228,1987,42x58
445,강국진,판화,222-2,1987,60X45
446,강국진,판화,234,1987,43.5X57.5
447,강국진,판화,44,1980,45.5x61.5
448,강국진,판화,45,1980,45.5x61.5
449,강국진,판화,46,1987,45x59
450,강국진,판화,197-3,1987,33.5x43
451,강국진,판화,빛의흐름190-4,1986,40x45
452,강국진,판화,193-4,1987,36.5x39.5
453,강국진,판화,194-3,1987,30x39.5
454,강국진,판화,192-6,1986,33x45
455,강국진,판화,빛의흐름191-10,1986,38x44
456,강국진,판화,213-1,1987,44.5x59.5
457,강국진,판화,203-2,1987,45.5x59.5
458,강국진,판화,203-8,1987,45.5x59.5
459,강국진,판화,,1987,43x58.5
460,강국진,판화,217,1987,60x45.5
461,강국진,판화,221-2,1987,59.5x45
462,강국진,판화,220-2,1987,45x59.5
463,강국진,판화,238-2,1987,60x45.5
464,강국진,판화,230,1987,55x42
465,강국진,판화,224-2,1987,42x57
466,강국진,판화,195-3,1987,30.3x39.5
467,강국진,판화,225-1,1987,45.8x60.2
468,강국진,판화,,1987,59.5x42.5
469,강국진,판화,리듬167-3,1981,45.2x65
470,강국진,판화,,1987,43x58
471,강국진,판화,빛의흐름189-2,1985,43.5x58.5
472,강국진,판화,179-6,1984,45.5x62
473,강국진,판화,180-3,1984,45x62
474,강국진,판화,177-2,1983,43.5x58.5
475,강국진,판화,리듬85-2,1985,44x58.5
476,강국진,판화,187-3,1985,48x62
477,강국진,판화,212,1987,45.5x60.2
478,강국진,판화,46,1980,50.5x66
479,강국진,판화,237-1,1987,45x60
480,강국진,판화,219,1987,57.8x44.2
481,강국진,판화,204-1,1987,60.5x45
482,강국진,판화,204-3,1987,60.5x45
483,강국진,판화,198-2,1987,33.5x45
484,강국진,판화,215-3,1987,57.8x44.2
485,강국진,판화,209-2,1987,45x59
486,강국진,판화,226-3,1987,45.5x60
487,강국진,판화,208-1,1987,45x60
488,강국진,판화,207-2,1987,57.5x44
489,강국진,판화,,1987,45x58.5
490,강국진,판화,리듬80-30,1980,35.7x42
491,강국진,판화,리듬80-31,1980,40x50
492,강국진,판화,리듬81-12,1981,45.2x61
493,강국진,판화,리듬81-9,1981,45.7x61.5
494,강국진,판화,리듬188-1,1985,42x58.3
495,강국진,판화,리듬81-5,1981,45.5x61
496,강국진,판화,리듬82-4,1982,45.5x60.2
497,강국진,판화,리듬82-3,1982,45.5x60
498,강국진,판화,리듬81-7,1981,45.7x60.5
499,강국진,판화,texture76-E,1976,45.5x58.8
500,강국진,판화,,1976,48x61
501,강국진,판화,선100-1,1979,35x30.5
502,강국진,판화,,1979,30.5x36
503,강국진,판화,shape X,1976,43.5x57
504,강국진,판화,shape81-25,1976,43.5x57
505,강국진,판화,shape81-7,1976,43.5x57
506,강국진,판화,shape,1976,43.5x58.4
507,강국진,판화,Feb-82,1976,27x35
508,강국진,판화,rose 1,1976,27x35
509,강국진,판화,rose 2,1976,27x35
510,강국진,판화,Jul-83,1976,27x35
511,강국진,판화,브러싱 95-1,1976,23x33
512,강국진,판화,브러싱 93-6,1976,27x35
513,강국진,판화,브러싱91-2,1976,27x35
514,강국진,판화,브러싱 94-5,1976,23x34
515,강국진,판화,브러싱92-1,1976,27x35.5
516,강국진,판화,271-4,1976,28x41
517,강국진,판화,256-2,1988,24x14.5
518,강국진,판화,254,1988,24.5x14
519,강국진,판화,259,1988,14.5x24
520,강국진,판화,258-2,1988,23.5x13
521,강국진,판화,리듬88-3,1988,14x23
522,강국진,판화,261-2,1988,23.8x14
523,강국진,판화,리듬88-4,1988,13x23
524,강국진,판화,Jul-77,1975,34.5x50
525,강국진,판화,Jan-78,1975,34.5x50
526,강국진,판화,Jan-60,1975,22.5x32.5
527,강국진,판화,Feb-61,1975,22.5x39.5
528,강국진,판화,Jan-62,1972,22.5x33
529,강국진,판화,modern art gallery,1980,15.5x9
530,강국진,판화,Feb-67,1975,34x41.5
531,강국진,판화,129-2,1978추정,24x31
532,강국진,판화,128-5,1978추정,24x31
533,강국진,판화,128-2,1978추정,24x31
534,강국진,판화,127-1,1978추정,24x31
535,강국진,판화,de la mer,1978,37.5x21.5
536,강국진,판화,deux femmes,1977,30.3x36.5
537,강국진,판화,le matin,1978,30.5x38.5
538,강국진,판화,,1985,45.7x60.8
539,강국진,판화,182-1,1985,45.7x60.8
540,강국진,판화,183-1,1985,45.7x60.8
541,강국진,판화,184-1,1985,45.7x60.8
542,강국진,판화,185-1,1985,45.7x60.8
543,강국진,판화,dots 1,1976,27x35
544,강국진,판화,dots 2,1976,24.3x30.3
545,강국진,판화,dots 5,1976,22x30
546,강국진,판화,Jan-54,1980,27x39.5
547,강국진,판화,브러싱,1976,36.4x47
548,강국진,판화,,1980,39.3x40.2
549,강국진,판화,Feb-34,1974,19.5x30
550,강국진,판화,리듬83-10,1983,29.4x39
551,강국진,판화,리듬83-7,1983,29.5x39.4
552,강국진,판화,Jan-63,1975,30.2x37
553,강국진,판화,Feb-42,1974,27x39.3
554,강국진,판화,"가락,뫼81-8",1981,39.5x49
555,강국진,판화,리듬81-3,1981,39.3x60
556,강국진,판화,165-7,1982,39.5x49
557,강국진,판화,리듬81-2,1978,39x58
558,강국진,판화,가락81,1981,38x59
559,강국진,판화,리듬81-10,1981,39.5x49
560,강국진,판화,리듬81-10,1981,39.5x49
561,강국진,판화,제목확인,1985,29x19
562,강국진,판화,03월 14일,1974,12.8x18.8
563,강국진,판화,dots,1976,24.3x30.3
564,강국진,판화,65-1제목확인,1980,20x36
565,강국진,판화,dots4,1976,24.4x30.4
566,강국진,판화,브러싱,1976,30.2x36.7
567,강국진,판화,Mar-73,1976,29.8x36.5
568,강국진,판화,dots,1976,27.5x35
569,강국진,판화,브러싱2,1976,29.5x36
570,강국진,판화,dots4,1976,22x30
571,강국진,판화,Feb-54,1974,27x39.8
572,강국진,판화,Jan-43,1974,27.2x39.4
573,강국진,판화,Jan-39,1973,15x19.5
574,강국진,판화,男,1973,12x22
575,강국진,판화,종,1976,6.5x8
576,강국진,판화,dots,1976,27.5x35
577,강국진,판화,Jan-32,1973,15.9x20.2
578,강국진,판화,,1973,18.3x22.3
579,강국진,판화,,1975,26.2x39
580,강국진,판화,Feb-53,1974,30.3x39.2
581,강국진,판화,Mar-53,1974,30.3x39.2
582,강국진,판화,shape5,1973,19.5x29.7
583,강국진,판화,335-1,1973,19x30
584,강국진,판화,Feb-52,1972,26x39
585,강국진,판화,shape,1975,38.5x30
586,강국진,판화,shape2,1973,19.5x21
587,강국진,판화,01월 30일,1973,19.5x20
588,강국진,판화,05월 30일,1973,19.5x21
589,강국진,판화,Jan-51,1975,29.8x39
590,강국진,판화,Feb-51,1975,29.8x39
591,강국진,판화,Jan-68,1975,27x29.8
592,강국진,판화,shape5,1973,19.5x29.7
593,강국진,판화,shape4,1973,19.5x29.7
594,강국진,판화,11월 20일,1973,15x19.3
595,강국진,판화,Jan-66,1975,29x38
596,강국진,판화,May-41,1974,25.5x33
597,강국진,판화,Nov-41,1974,36x33.2
598,강국진,판화,23-13,1973,19.5x30
599,강국진,판화,01월 27일,1973,29.5x39
600,강국진,판화,04월 19일,1973,11x33
601,강국진,판화,얼굴,1980,35x25
602,강국진,판화,263-3,1980,36x25
603,강국진,판화,02월 09일,1972,16.5x25.2
604,강국진,판화,07월 03일,1973,23x31.5
605,강국진,판화,situation,1973,32.5x26
606,강국진,판화,,1973,17x25.8
607,강국진,판화,Apr-59,1974,30.4x46.8
608,강국진,판화,Aug-55,1974,39.4x50
609,강국진,판화,147-1,1975,15x17.5
610,강국진,판화,146-1,1975,18x12
611,강국진,판화,,1976,13.8x9.8
612,강국진,판화,144-1,1975,9.5x13.5
613,강국진,판화,,1975,13.5x9
614,강국진,판화,,1975,10x13.5
615,강국진,판화,,1976,18.8x13.7
616,강국진,판화,,1975,14x10
617,강국진,판화,154-1,1980,5.8x4
618,강국진,판화,,1975,8x10
619,강국진,판화,,1975,13.5x18
620,강국진,판화,,1975,13.7x18
621,박생광,한국화,어유도,1969,60x77
622,심재섭,한국화,산수,1982,53X45.5
623,이병용,회화,추상,1992,40.5X64
624,중광,한국화,무당,1999,44X68
625,변관식,한국화,문어,1950,135X33
626,석도륜,한국화,산수,1987,73X61
627,서세옥,한국화,제비,1980,73X61
628,허민,한국화,산수,1950,127X32
629,전혁림,회화,달과 돛배,1956,41X53
630,전혁림,회화,노을,1973,53X41
631,전혁림,회화,안개속의 요트,1975,53X41
632,전혁림,회화,새,1976,41X53
633,전혁림,회화,달리는 돛배,1978,53X41
634,전혁림,회화,청의 돛배,1978,53X41
635,전혁림,회화,무제,1979,45.5X43
636,전혁림,회화,작품,1979,45.5X53
637,전혁림,회화,천지,1985,53x41
638,전혁림,회화,구성,1987,53X41
639,전혁림,회화,무제,1980,53X45
640,최영림,회화,여인,1966,38X44
641,최운,회화,누드,1966,32.5x22.5
642,최운,회화,게,1983,50.5X32
643,박성환,회화,임금,1972,24.5X19
644,서상환,회화,같이 살자 우(友)야!,1977,45.5X65
645,오영재,회화,풍경,1977,32.5X44.5
646,오영재,회화,파라다이스,1980,42X42
647,문미애,회화,무제,1982,80X63.4
648,정광화,회화,개구리,1982,35X25
649,허황,회화,무제,1984,40X58.6
650,전병현,회화,무제,1990,25.5X17.5
651,김남진,회화,,1991,46.5X66
652,김난영,회화,4월,1991,45X38
653,안종연,회화,무제,1991,65X50.5
654,김종근,회화,생성,1995,72.5X59.5
655,전선택,회화,초가,1995,24.5X33.2
656,이명미,회화,이상한 동물,1995,69X99
657,신성희,회화,별곡95-E,1995,30X24
658,강종열,회화,,1996,91X116.5
659,신옥진,회화,무제,1997,44.5X53
660,이광택,회화,그림이 통 안되는 날,1997,73X91
661,서상환,회화,간구자들,1998,106X370.5
662,전영근,회화,도시와 물고기,1999,43.5X43.5
663,히사유키 모가미,회화,무제,1999,68X49
664,심점환,회화,반가사유상,2000,60.5X72.7
665,유지 아카즈카,회화,Trees,2001,23.5X33
666,최경태,회화,J-1,2006,50X60.5
667,전혜원,회화,무제,2007,116.5X91
668,아스리 누그로호,회화,바위,2007,130X130
669,또 화이 남,회화,통영에서의 하루,2007,72.7X300
670,다이 트 랑,회화,평화,2007,162X130
671,남관,회화,추상,1980,44X68
672,김영교,회화,산,1980,38X5.3
673,안영일,회화,,1990,127X109
674,정광화,회화,병사,1980,76.5X43.5
675,정갑주,회화,변역-7,2008,87X140
676,정갑주,회화,변역-5,2008,70X87
677,김기창,드로잉,하와이 풍경,1967,19.5X13.5
678,채경혜,회화,렙소디 1996-2,1996,69X176
679,이영배,드로잉,마른 감,2000,35X40
680,이영배,드로잉,감,2002,
681,백순공,드로잉,무제,2006,39X53.9
682,황규백,판화,체온계,1979,31.5X31.5
683,정문현,판화,모뉴멘트,1980,47X44
684,송혜수,판화,무제,1987,58.5X43.5
685,송혜수,판화,여인,1987,59.5X48
686,유병엽,판화,풍경,1987,43.5X62
687,이성자,판화,귀천,2008,35.5X24.5
688,이 인,판화,바위,2008,40X62
689,최석운,판화,그리움,2008,44X44
690,김원숙,판화,휴식,2000,56X68
691,김원숙,판화,거울,2000,46X56
692,서상환,판화,간구자,2000,39.5X56.5
693,폴 아이즈 피리,판화,꽃,1960,64X49
694,라울 뒤피,판화,요술아줌마,1940,54X36.5
695,오우타,판화,여자,2000,76.5X61
696,오우타,판화,남자,2000,76X61
697,구마까이 모리가스,판화,추상,1930,36X27
698,구마까이 모리가스,판화,세서내재,1930,35X43
699,심문섭,조각,무제,1981,13.5X36.5X11
700,윤석남,조각,Wing2,2004,150X70X7
701,오제봉,서예,대은시중,1982,35X130
702,박해철,서예,한시,,23.2X830.2
703,송뢰,서예,대전(大篆),2007,
704,로과,서예,광래경세계(?來輕世界),2007,135X35
705,장정문,서예,학무교송(鶴舞喬松),2007,135X35
706,최덕상,서예,위응물(偉應物),2007,135X35
707,주효선,서예,마문충선생어구,2007,135X35
708,리효동,서예,고시일수,2007,135X35
709,양점충,서예,고시일수,2007,135X35
710,류항의,서예,부산월화시(釜山月畵詩),2007,135X35
711,북외,서예,고시일수,2007,135X35
712,왕광통,서예,장악주앙(長樂朱央),2007,135X35
713,석순증,서예,작문숙세(作文叔世),2007,135X35
714,왕문,서예,운련해기풍대조성(蕓蓮海氣風帶潮聲),2007,135X35
715,장영창,서예,고시일수,2007,135X35
716,란신량,서예,전각인고(篆刻印槁),2007,135X35
717,리홍해,서예,고시일수,2007,135X35
718,장효방,서예,고시일수,2007,135X35
719,침품암,서예,사기혹리렬전서(史記酷吏列傳序),2007,135X35
720,동동인,서예,갑골문(胛骨文),2007,135X35
721,조경산,서예,갑골문(胛骨文),2007,135X35
722,무전홍,서예,갑골문(胛骨文),2007,135X35
723,한동,서예,천창기악(天暢其樂),2007,135X35
724,고옥성,서예,혜풍화장(惠風和帳),2007,135X35
725,리간,서예,고시일수,2007,135X35
726,부용,서예,전각인고(篆刻印稿),2007,135X35
727,관치순,서예,사능지족(事能知足),2007,135X35
728,초봉군,서예,왕유시일수(王維詩一首),2007,135X35
729,의아연,서예,조관운해(朝觀蕓海),2007,135X35
730,곽덕준,회화,무의미 991,1999,194X194
731,권영호,회화,줄따라가는 회유,2007,91X584
732,안재덕,회화,기억의 언저리-이국풍경,1991,73X91
733,김일랑,회화,고도,1974,130.3X162.2
734,김종근,회화,적(積)97-1,1997,112.4X145.5
735,송용,회화,계곡,1990,112X162.2
736,강국진,회화,역사의 빛,1989,130X324
737,조영제,회화,진주성 서장대,1970,60X79
738,서재만,회화,파랑,1996,130.3X162.2
739,허황,회화,가변의식,2003,259.1X162.1
740,홍영표,회화,일출(日出),1988,58X108
741,전혁림,회화,이조풍물,1991,162.2X130.3
742,이응조,회화,정원,1960,100X72.7
743,김섭,회화,선택된 시간,1994,130.3X162.2
744,임봉규,회화,팔 벌린 여인,1999,150X150
745,김용식,회화,몸짓-1983,1983,140X132
746,이태길,회화,"축제:달, 구름, 학",2007,162.2X130.3
747,김용식,회화,몸짓1988-1,1988,110X180
748,이림,회화,초문(初聞),1955,65X53
749,박생광,한국화,매,1968,41.5X64
750,이선우,한국화,완도에서-00,2000,91X147
751,하미혜,한국화,나비-이미지,1990,162.2X130.3
752,허민,한국화,산수,1940,34.5X128
753,허민,한국화,메추라기와 국화,1956,31.5X123
754,김영진,한국화,풍경,1980,69X120.5
755,이철규,한국화,장수에서 끊어진 산들,2007,88X189
756,박종배,조각,반석,1996,50X50X39
757,김광우,조각,자연+인간+우연,1977,200X60X60
758,김종영,조각,작품66-1,1966,14X11X58
759,신상우,판화,현대인-방랑자의 협주곡,2006,96X137
760,이용길,판화,마당 78-2,1978,66X50
761,최성욱,판화,Dystaxia-n 50806002 이방인의 거리2,2006,62x100
762,이성구,판화,자연으로부터-96,1996,151X111
763,김현주,판화,예기치 않은 현상 0515,2005,142.5X102.5
764,김봉태,판화,Window series2,2004,70X70
765,김태호,판화,내재율 96-A,1996,64X44
766,김형대,판화,후광98-720,1998,40X80
767,서승원,판화,동시성06-1112,2006,50X80
768,윤명로,판화,조망MV2-625,2007,69X80
769,하동철,판화,빛83-E,1983,100X70
770,윤환수,서예,한마음(心),2008,130X150
771,정기호,서예(전각),선(禪),1985,70X45
772,정도준,서예,천지인(天地人),2007,176X94
773,김호,서예,난의송심(蘭意松心),1981,200X35 2폭
774,설창수,서예,정몽주 시,1991,135X35 8폭
775,월하,서예,불경,1988,135X35 10폭
776,정현복,서예,칠언연구병풍,1962,128X31 10폭
777,박후상,서예,세가일화 처처자우,2005,109.5x69
778,황영두,한국화,매화,1950,89x326(표구 167x44.5x8)
779,조정규,한국화,산수,1950,122x31.5x10(표구 180.5x45x10)
780,하인두,회화,만다라,1980,45.5x33(액자 64x51.5)
781,전국광,조각,적-변이,1979,25x41.5x105.5
782,현재호,회화,무제,1985,131X187(액자 147.5x200)
783,송수련,한국화,내적시선,2003,140x150.5
784,박종갑,회화,근원(根源),2005,162.2x130.3(액자 165x133)
785,정범태,사진,말과 마부,1956,23.5x45
786,전뢰진,조각,사랑과 밑음,2007,47x40x27
787,김용수,회화,판도라의 정원,1997,162x228
788,장진만,회화,화(和),2004,91x177(액자 94x180.5)
789,황원철,회화,바람81-1,1981,130x130(액자 133x133)
790,신동효,조각,돛대는 아니 달고,2008,97.5x242x81
791,신현국,사진,생존,1962,46.5x60.7
792,신현국,사진,앗 터졌다.(동심),1952,50x60.7
793,서규원,사진,목가,1972,42x61
794,김아타,사진,온 에어 프로젝트 160-13 인디아 시리즈,2007,179.5x229(액자 188.5x248.5)
795,김아타,사진,"온 에어 프로젝트 055-2, 리듬 앤 블루스",2004,167.5x224.3(액자 177x234)
796,김진관,한국화,진달래,2009,162x130(액자 165x133)
797,서정태,한국화,푸른초상,2007,158.5x158.5(액자 167x167)
798,변상봉,한국화,공 - 바라밀다,1980,120x110(액자 122.5x113)
799,변상봉,한국화,유동,1968,215x174
800,정인성,사진,바람부는 날,1957,51x61
801,정인성,사진,노인,1942,61x51
802,리영달,사진,맹투,1962,39.4x57.5
803,배형식,조각,발레하는 소녀,1990,108x42x34
804,정연두,사진,Location#8,2006,120.5x157.5(액자 124x161)
805,정연두,사진,Location#9,2006,120.5x154.5(액자 126x161)
806,이철주,한국화,치허(致噓)-비우다,2006,149.5x250(액자 152x252)
807,조환,한국화,수요일,2007,189x96(액자 210.5x109)
808,전준,조각,소리-간구,1978,86x43x13.5
809,박석원,조각,적(積)-8227,1982,58.5x24.5x23.5
810,박석원,조각,적(積)-7327,1973,"12x34x171, 18x34x174"
811,윤형근,회화,작품-8407,1984,144x111(액자 147.5x114.5)
812,윤형근,회화,작품-8314,1983,114x145.5
813,박성환,회화,농무,1977,18X25.5
814,박용인,회화,풍경,1984,14X18
815,손일봉,회화,노을,,39X45
816,이경희,회화,바다풍경,,37.5X52
817,이영배,회화,청도마른감,2000,35X39.5
818,임직순,회화,양평풍경,1986,22X30.5
819,최운,회화,게 두 마리(파란 돌 위),1965,30X23
820,최운,회화,투해,1978,35.5X44
821,최운,회화,게,1979,21X31
822,김종식,회화,정물,,22X31
823,박윤성,회화,거북,1981,53X41
824,박춘재,회화,누드,1993,38X50
825,우신출,회화,진주 촉석루,1986,24X33
826,이병용,회화,추상,1992,64X81
827,최운,회화,풍경,1979,50X25
828,이영배,회화,청도 마른 감 뎃생,2000,35X39.5
829,최운,회화,게,1981,30.5X35
830,최운,회화,바다가재,1983,58X22
831,최운,회화,게(그림자),1981,35.5X50
832,최운,회화,대게,1983,36.5X50
833,최운,회화,생태,1960,30.5X53
834,이남규,회화,추상,1986,12X19
835,김종복,회화,충무풍경,1980,24.5X35
836,안창홍,회화,백록담(남자),2006,70X49
837,안창홍,회화,백록담(여자),2006,70X49
838,최운,회화,게 두 마리,1981,32X24
839,최운,회화,정물(화병),1974,33.5X26
840,최운,회화,앵기밭골,1987,31X49
841,최운,회화,수련,1986,37.5X52
842,최운,회화,나들이,1977,32.5X40
843,최운,회화,게,1982,36X50
844,최운,회화,복어,1975,36X26
845,최운,회화,게 두 마리,1981,24X35
846,최운,회화,군상,1984,38X26
847,최운,회화,군상,1981,30X25.5
848,최운,회화,등나무,1977,25.5X21
849,최운,회화,만남,1986,17.5X24
850,최운,회화,행렬,1986,24X17
851,최운,회화,행렬,1978,24X17
852,최운,회화,인물,1976,25X21
853,이태호,회화,매미,1999,31X40
854,최운,회화,잉어,1978,49.5X36
855,최운,회화,행렬,1977,24.5X14
856,최운,회화,어,1972,19.5X30
857,최운,회화,게,1983,22X27
858,최운,회화,게 두 마리,1986,24X17
859,최운,회화,재회,1981,35X23
860,최운,회화,용,1979,33.5X23.5
861,박영숙,사진,Body and Sexuality,1997,197.5X100.7
862,정윤선,사진,자아,2005,49X24
863,권진규,드로잉,누드,,39X27
864,히사유키 모가미,드로잉,형태,2000,37X51.5
865,권영우,한국화,무제,1970,45.5X37.9
866,앙드레 코타보(Andre Cottavos),회화,마로니에 아래서 오찬(Le dejeuner sous marronniers),,114x162
867,윤병락,회화,탐스러운 상자,2009,113x242.5
868,신장식,회화,세본봉에서 바라본 집선봉과 동해바다,2005,145.5x291
869,김혜진,회화,Eye,2009,89.4x145.5
870,송해주,회화,공간-무의식,1996,181x181
871,김완수,회화,바라춤,2008,227x152
872,이상남,회화,유산(遺産),2009,80x163
873,박향미,회화,매트릭스,2008,125x165
874,송번수,판화,상대성 원리,1992,109x79
875,웨민쥔,판화,I Am Iconnic,2002,120x80 20pcs
876,이인화,판화,열려진 공간으로서의 이행-9320,1996,162x184
877,천진규,판화,연의 이미지-공간구성,2005,120x588
878,정헌조,판화,무제,2004,330x330
879,강동석,판화,묵-나무그림6,1998,122x160
880,차재홍,판화,고등어 0609,1996,82x103
881,엄정호,판화,관계 000523,2009,50x127
882,강준,판화,In-Out(Process of thinking)9701,1997,163x108
883,윤세희,판화,시각 속 공간,2006,62x175
884,백승관,판화,공존하기,2008,90x60
885,송번수,판화,상대성 원리,1992,109x79
886,이인화,판화,열러진 공간으로서의 이행-9961,1999,160x91
887,박예신,판화,Uncommon Day,2009,65x180
888,홍익종,판화,한국의 소나무,2005,150x264
889,최운,회화,자화상,1957,37x30
890,최운,회화,부인 초상,1977,26x18
891,최운,회화,자화상,1970,40x26
892,최운,회화,삼천포 우중,1980,26x38.5
893,김주석,회화,설경,1959,46x62
894,최운,드로잉,지리산(천왕봉 대피소),1947,15x23
895,최운,드로잉,여인,1965,13.7x17.5
896,최운,드로잉,광어,1979,19.5x12.5
897,최운,드로잉,삼천포 우중,1980,11x18
898,최운,드로잉,산,1981,18x11
899,최운,드로잉,길과 산,1987,9x18.7
900,황규백,판화,새,1981,33x35
901,황규백,판화,Poppy,1984,17.5x29.5
902,이철수,판화,손가락도 없이 떠 오르는 달,1992,36x41.5
903,노재환,판화,무제,2007,48x30
904,아네스 하아즈,판화,빗속의 여인,2008,80x80
905,아네스 하아즈,판화,빗속의 남자,2008,80x80
906,이응노,판화,문자도,,35x24.5
907,유영국,판화,노을,,47.5x56.5
908,유영국,판화,여명,,40x46
909,김원숙,판화,Full Moon boat,,56x75
910,김원숙,판화,악몽,,74x54
911,구마까이 모리가스,판화,세서내재,,42x32
912,샘 프란시스,판화,무제,,75.5x55
913,클로드 비알라,판화,무제,,198.5x61
914,클로드 비알라,판화,무제,,194.5x60.5
915,배재식,서예,칠언고시,,135x44
916,오제봉,서예,예서십곡병풍,1985,133x31 10폭
917,손재형,서예,전서,,32x128
918,조현판,서예,가고파,2007,"98x1,624"
919,하동주,서예,고시십곡병,,133x33 10폭
920,박영효,서예,시고(詩稿),1920,94.5x28.5
921,윤환수,서예,심중유심(心中有心),2009,197x290.3
922,묵희,서예,무이구곡가(武夷九曲歌),,105x31 10폭
923,정명수,서예,용비어천가(龍飛御天歌),,133x32 8폭
924,최명환,서예,지상(地上),2008,225x260
925,천갑녕,서예,원정매삼첩,2008,90x150
926,정명수,서예,반야심경(般若心經),,125x32 10폭
927,박금숙,서예,중용의 길,2010,170x400
928,권창륜,서예,향설해(香雪海),2010,130x66
929,임정기,서예,용비어천가(龍飛御天歌),1985,150x35 2폭
930,임재우,서예,장자구절(莊子句節),2008,205x140
931,양진니,서예,당시행초십곡병(唐詩行草十曲屛),1973,127.5x31.8 10폭
932,김용옥,서예,능인자안(能忍自安),1987,127x33
933,정명수,서예,청송록죽,1977,35x170
934,정현복,서예,적벽부(赤壁賦),1958,137x35 10폭
935,박시표,서예,사필귀정(事必歸正),,120x32.5
936,박시표,서예,8폭 병풍,,124x34 8폭
937,박지명,서예,반야심경(般若心經),1991,61x27 6폭
938,고동주,서예,예도무궁,,132.5x33
939,이문보,서예,한묵송휘황(翰墨頌輝煌),2002,
940,두충고,서예,,,134x67
941,황일명,서예,,,60.5x70.5
942,서영진,서예,,,137x73
943,소세경,서예,,,133x66.5
944,황지양,서예,,,136.5x68
945,두삼흠,서예,,,70.5x21.5
946,나나시마 오우추우,서예,한어(漢語),,132x67.5
947,오우라 튜센,서예,,,133x43
948,투투미 교쿠오,서예,,,134x47.5
949,타치노 쇼운,서예,,,134.5x67
950,테라시마 유호,서예,,,67x32
951,바바 베기규,서예,,,162x32
952,이와나가 세이호,서예,,,134x33
953,혼다 쿄튜,서예,,,135x32
954,기리아마 타이쥬,서예,,,67x32
955,토리야마 운가이,서예,,,132x32
956,이노우에 세이오,서예,,,133x32
957,기야 게이운,서예,,,131x35
958,에조 케이슈,서예,,,133x32
959,사카타 료쿠호,서예,,,135x32
960,키타무라 케이로,서예,,,135x33
961,마투오 켄신,서예,,,128.5x32.5
962,나가타 세이엔,서예,,,132.5x32
963,미야자키 사이코우,서예,,,67x38
964,미즈타 유호,서예,,,131x32
965,황현룡,문인화,일지송,1950,160x656
966,김종대,문인화,화훼도(花卉圖),,94x35 6폭
967,조원섭,문인화,매화연걸,2010,170x40 8폭
968,황영두,문인화,세한삼우(歲寒三友),,127x33 8폭
969,황현륭,문인화,묵모란,,101x37 8폭
970,"허민, 이규옥",문인화,화조도(花鳥圖),,129x33 2폭
971,박윤오,문인화,화훼도(花卉圖),1983,135x32
972,허민,문인화,화조어해(花鳥魚蟹),,130x33 10폭
973,서영찬,문인화,매화도(梅花圖),1992,70x182
974,성낙우,공예,빛의 성곽(城廓),2009,57x35x85
975,송광옥,공예,어떤 형상,2001,30x46x77
976,전경화,공예,빛+투영+표면공간,2010,143x74
977,김헌언,공예,선의 변주,2009,120x120x6
978,최봉수,공예,잃어버린 시간,1991,60x23x47
979,최주현,공예,상생·소멸,2005,60x60
980,오구환,공예,여름이 지나면,2004,37x83x17
981,황인철,공예,생(生),1994,21x22x66
982,우관호,공예,애(愛)-난(亂),2007,95x117x10
983,이광웅,공예,원형와문칠합(圓形渦紋漆盒),2010,25x34x34
984,진영섭,공예,본능,2008,101x15x27
985,최태문,한국화,장우(將牛),1998,270.3x123
986,최성숙,한국화,추억의 괌,1995,38.5x48
987,이진원,한국화,화지몽,2006,112.6x162.3
988,김형수,회화,겨울연가,2006,130.3x324.4
989,최행숙,회화,기(氣),2010,90x160 (x4)
990,마상철,사진,가업,1960,80x60
991,이재길,사진,몽환,2009,"60x120, 1/5"
992,허  휘,한국화,억새풀 능선,2002,57x150
993,전혁림,회화,세 개의 색면,1993,228x184
994,송주섭,회화,얼굴 1. 얼굴 2. 얼굴 3.,2003,91x62.2 (x3)
995,박상복,한국화,통영 소매물도 소견,2011,218x333
996,김안영,한국화,무리 또 무리,2002,181x136
997,현재호,회화,무제,1998,181x227
998,이강석,조각,개-폐,1986,56x31x121
999,황태갑,조각,잔상이후,1977,200x51x41
1000,강해중,한국화,춘일서정,2010,55x120
1001,구자옥,한국화,가을 날,2002,160x125
1002,김용식,회화,영원과 한계2,2006,362x227
1003,김영욱,조각,다음(多音),1986,45x89x24
1004,신동효,조각,어장 1,2010,101x140x225
1005,김상균,조각,2010 별들,2010,8x297x197
1006,김우태,사진,한국인의 풍류,1966,60x50
1007,리영달,사진,봄 바람,1959,40x58
1008,양해광,사진,창원의 옛 모습-도계마을,1969,100x60
1009,임덕현,한국화,자연의 이미지-흔적,2010,162.1x259.1
1010,정호경,한국화,산운(山韻),2010,68x136
1011,임형준,조각,소리-Bruit 2008,2008,78x18x35
1012,김학일,한국화,자연(自然)-감(感),2005,227x179
1013,이목일,회화,산정무한,1993,79x124
1014,황주리,회화,식물학,2009,130x162
1015,임동식,회화,자연예술가와 화가 - 가을,2005,130.5x162
1016,임옥상,회화,"꽃 - 생활의 발견 1,2",2010,195x210 (2점 1set)
1017,김봉구,조각,작품 2,1983,91x32x36
1018,남철,조각,파열,1987,50x18x120
1019,김기주,조각,추억의 안단테 - 영양가는 길 ll,2009,95x65x148
1020,김관수,사진,늪 #93,1999,"165x200, 3/10"
1021,김성훈,사진,"괘불전, 통도사성보박물관",2008,130x180
1022,박대조,사진,붐붐,2008,"183x221, 1/1"
1023,김기창,한국화,충무공,1959,23x31
1024,김기창,한국화,도인과 동지,1983,26x24
1025,천경자,한국화,실내풍경,1967,14x19
1026,장운상,한국화,미인도,,26.5x51
1027,성재휴,한국화,산수,,25x27.5
1028,이응노,한국화,산수,,31x63
1029,박생광,한국화,옥수수,,42x32
1030,박생광,한국화,원앙,,28x35
1031,서세옥,한국화,양산을 든 여인,,25x25
1032,박노수,한국화,산거,,27x23
1033,김구림,회화,석산,1958,46x33
1034,송혜수,회화,수련도,1965,13.5x16.5
1035,오영재,회화,항아리,1968,52x40
1036,최영림,회화,누드,1970,34x23
1037,이우환,회화,점,1974,27x38
1038,류시원,회화,인물,1980,25x34.5
1039,김원갑,회화,풍경,1982,22.5x31.5
1040,서상환,회화,기원85,1985,29x23
1041,최종태,회화,여인,1985,49x34
1042,김창열,회화,전쟁,1986,49x33.5
1043,현재호,회화,어시장,1990,50.5x73
1044,박서보,회화,Ecriture No.4,1996,21x26.5
1045,변종하,회화,노세노세,1998,28x29
1046,노원희,회화,남아 있는 풍경,2002,60x72.5
1047,김원숙,회화,천사 Whisper Ⅱ,2008,30.5x40.5
1048,이진이,회화,S씨의 초상,2009,50x40
1049,마리킴,회화,천사의 얼굴,2009,108x108
1050,전혜원,회화,무제,2010,53x45
1051,방정아,회화,여행-기시감,2010,65x91
1052,황염수,회화,장미,,17.5x14
1053,이상갑,회화,강변,,45.5x38
1054,이희중,회화,첩첩산중,,43x56
1055,이우환,드로잉,조응,1993,65x49
1056,이우환,드로잉,조용히,2006,32.5x41
1057,마리 로랑생,드로잉,세 여인,,12x14
1058,박고석,드로잉,풍경,,14.5x20.5
1059,김영욱,조각,다음(多音) I,1988,27×67×15
1060,김영욱,조각,다음(多音) II,1988,37×27×20
1061,히사유키 모가미,조각,WOOD,2000,67×37×31
1062,문신,조각,무제,1990,8×8×21.5
1063,문신,드로잉,무제,1976,32.5×50
1064,헬무트 뉴턴,사진,누드,,27.5X19.5
1065,유영운,조각,미디어의 눈,2009,87x80x176cm
1066,Sri Wahjuni Sariat,사진,Sunset,2011,58.9x88.4
1067,Sri Wahjuni Sariat,사진,Sunrise,2011,37.7x88.4
1068,Sri Wahjuni Sariat,사진,Fishing,2011,58.9x88.4
1069,Sri Wahjuni Sariat,사진,Rice Paddy,2011,58.9x88.4
1070,Sri Wahjuni Sariat,사진,Forest,2011,58.9x88.4
1071,Sri Wahjuni Sariat,사진,The happy Duck,2011,58.9x88.4
1072,Afdho,사진,Buffalo2,2011,49.4x74.3
1073,Afdho,사진,Boat1,2011,38.4x59.7
1074,Afdho,사진,Boat2,2011,49.4x74.3
1075,Afdho,사진,Fish Nets,2011,49.4x74.3
1076,Afdho,사진,Old Man,2011,59.7x38.9
1077,Afdho,사진,Old Woman,2011,49.2x39.3
1078,Alamsyah Rauf,사진,Duel,2011,42.4x59.7
1079,Alamsyah Rauf,사진,Kajang Weavers,2011,52.4x49.2
1080,Alamsyah Rauf,사진,Kids League,2011,39.8x59.7
1081,Alamsyah Rauf,사진,Rooster Wash,2011,42.9x59.7
1082,Alamsyah Rauf,사진,Sack Race,2011,38.4x59.7
1083,Sugiarto Eko Wardojo,사진,Shoe Repair,2011,49.4x74.3
1084,David Wirawan,사진,Bromo_1724,2011,39.3x59.7
1085,David Wirawan,사진,Ciwidey_0804,2011,39.3x59.7
1086,Edi Wibowo,사진,Plowing Season,2009,41.9x59.7
1087,Edi Wibowo,사진,Morning Activity,2008,44.8x59.7
1088,Edi Wibowo,사진,Loading Process,2007,59.7x44.8
1089,Effri Irawan,사진,Elderly Couple,2011,49.4x74.3
1090,Effri Irawan,사진,Fisherman,2011,49.4x74.3
1091,Effri Irawan,사진,Children2,2011,49.4x74.3
1092,Effri Irawan,사진,Children3,2011,49.4x74.3
1093,Effri Irawan,사진,Children4,2011,49.4x74.3
1094,Eko Sumartopo,사진,Work2,2011,39.8x59.7
1095,Eko Sumartopo,사진,Work3,2011,39.4x59.7
1096,Klaas Stoppels,사진,Photo Shoot,2011,74.3x49.4
1097,Klaas Stoppels,사진,Smiling Makes You Look Young,2011,74.3x49.4
1098,Klaas Stoppels,사진,Banana Man,2011,53.8x58.7
1099,Klaas Stoppels,사진,Wayang Production,2011,49.4x74.3
1100,Klaas Stoppels,사진,"Careful, Sharp!",2011,49.4x74.3
1101,Klaas Stoppels,사진,The Tailor,2011,44.5x59.7
1102,Klaas Stoppels,사진,Pots for a Living,2011,49.4x74.3
1103,Klaas Stoppels,사진,Art on the Movie,2011,49.4x68.4
1104,Irman Andriana,사진,Peek a Boo,2011,59.7x39.9
1105,Irman Andriana,사진,Yawn,2011,59.7x39.9
1106,Irman Andriana,사진,In between,2011,39.8x59.7
1107,Irman Andriana,사진,The Face,2011,66.8x49.5
1108,Pimpin Nagawan,사진,Bali Kecak Dance,2008,56x88.6
1109,Pimpin Nagawan,사진,Fisherman,2011,91.4x68.6
1110,Pimpin Nagawan,사진,Fisherman2,2010,49.9x88.7
1111,Pimpin Nagawan,사진,Fisherman4,2008,49.9x88.7
1112,Pimpin Nagawan,사진,Fisherman Village,2011,49.9x88.7
1113,Pimpin Nagawan,사진,Village Boy,2011,68.7x108.6
1114,Rafly Rinaldy,사진,Bathe in the Field,2011,39.4x59.7
1115,Rafly Rinaldy,사진,Colorful Make pung,2011,49.4x74.3
1116,Rafly Rinaldy,사진,Floating Market,2011,49.4x74.3
1117,Rafly Rinaldy,사진,Flying Horse,2011,49.4x74.3
1118,Rafly Rinaldy,사진,Golden Hour at Selorejo,2011,22x59.9
1119,Rafly Rinaldy,사진,Sack Race,2011,39.3x59.7
1120,Rafly Rinaldy,사진,Throwing Nets,2011,49.4x74.3
1121,Rafly Rinaldy,사진,Village Kitchen,2011,49.4x74.3
1122,Sugeng Sutanto,사진,The Shepherd,2011,42.7x59.7
1123,Sugeng Sutanto,사진,My old Time,2011,39.8x59.7
1124,Sugeng Sutanto,사진,Semangat Belajar,2011,39.4x59.7
1125,Sugeng Sutanto,사진,Ojhung-1,2011,39.4x59.7
1126,Sugeng Sutanto,사진,Ojhung-2,2011,38.2x59.3
1127,Sugeng Sutanto,사진,Suplhur Miner,2011,49.4x74.3
1128,Sugeng Sutanto,사진,Endless Road,2011,49.4x74.3
1129,Jeffry Surianto,사진,Beach,2011,68.8x103.1
1130,Jeffry Surianto,사진,Sea Rock,2011,68.8x103.1
1131,Jeffry Surianto,사진,Green Sea,2011,68.8x103.1
1132,Jeffry Surianto,사진,Rainbow,2011,68.8x103.1
1133,Jeffry Surianto,사진,Island,2011,49.4x74.3
1134,Jeffry Surianto,사진,Volcano,2011,49.4x74.3
1135,Jeffry Surianto,사진,Valley,2011,68.8x103.1
1136,Jeffry Surianto,사진,Waterfall,2011,74.3x49.4
1137,Jeffry Surianto,사진,Beach,2011,49.4x74.3
1138,Jeffry Surianto,사진,Children-1,2011,49.4x74.3
1139,Jeffry Surianto,사진,Children-2,2011,49.4x74.3
1140,Jeffry Surianto,사진,Tiger,2011,74.3x49.4
1141,Jeffry Surianto,사진,Boys,2011,59.7x39.3
1142,Juwani Yapriadi,사진,Portrait,2011,49.4x74.3
1143,Juwani Yapriadi,사진,Sea,2011,49.4x74.3
1144,지석철,회화,"시간, 기억 그리고 존재",2011,110x157.8
1145,최붕현,회화,대지 위에서,1996,61x73
1146,안현일,회화,잔상,2005,244x333
1147,이경석,회화,인간흔적,1976,60x45
1148,허종하,회화,한글작업 - 0512,2005,122x194
1149,박춘성,회화,고향,1999,162.2x130.3
1150,조경옥,회화,주변 이야기,2002,123x245
1151,정도준,서예,화의(和議),2011,185x143
1152,김진희,서예,그리운 순천만(박원자님 시),2010,92x300
1153,김종원,서예,취의(醉意),2009,180x504
1154,윤효석,서예,사색공부,2009,90x349
1155,곽봉련,서예,금강반야바라밀경,1990,115x520
1156,윤관석,서예,김극기선생전가사시구,2010,240x90
1157,정대병,서예,제자들과 함께(吉再先生詩 卽事),2011,117x20
1158,이수희,서예,다산시 매조도,2011,80x260
1159,곽정우,서예,심여칭(心如秤),2011,35x48
1160,박순하,서예,금강경(金剛經),2012,127x33 8폭
1161,박정식,서예,이순신장군의 검명(李舜臣將軍劒銘),2008,196x34 2폭
1162,허인수,서예,장가행(長歌行),2011,156x123
1163,박지석,서예,하해불택세류(河海不擇細流),2008,115x31
1164,"뮌(김민선, 최문선)",영상,멘쉡스트롬(Menschenstrom),2011,300x300x150
1165,육근병,영상,생존은 역사다,2009,32x32x210
1166,류재하,영상,오리-물고기,2003,77x231x25
1167,이이남,영상,인왕제색도,2009,124x72x3
1168,김형기,영상,나는 빛이다,2009,200x200x160
1169,이상원,영상,달리다,2010,가변설치
1170,Nicolas Moulin,영상,나치다치(Nachdatch),2007,가변설치
1171,백남준,영상,무제,1991,273x55.7x55.7
1172,차우용,한국화,해암,2002,166x129
1173,변상봉,한국화,공 바라밀다,1980,152.5x459.8
1174,샘 프란시스,판화,무제,,43.5x56
1175,앙트완 부르델,판화,백조와 누드,,15x20
1176,마르크 샤갈,판화,정연,1980,41x33
1177,로버트 롱거,판화,무제(Ⅲ),1990,64.5x100
1178,세자르 발다치니,판화,육면체,,87x61.5
1179,로버트 인디에나,판화,피카소,,48x40
1180,백남준,판화,Novecent Red,,33x41.5
1181,백남준,판화,무제,,52.5x68
1182,황인학,조각,군상,1982,36.5x360
1183,김종영,조각,작품78-25,1978,74x39x19
1184,박생광,한국화,파초,1960,106x45
1185,김진성,조각,사랑,1989,55x50x50
1186,김진성,조각,이상한 가방Ⅱ,1989,35x80x30
1187,김진성,조각,적막,1989,40x60x30
1188,김진성,조각,무제,1989,46x120x60
1189,이두옥,회화,디지털이미지,2002,162.2x130
1190,이두옥,회화,정물B,1980,145x112.5
1191,이두옥,회화,사(寺),1979,161x120
1192,이두옥,회화,환절기,2009,80x53 4ea
1193,정문현,회화,여일(지리산 下),1984,260x445
1194,정문현,회화,연(우리는 여기 영원히),1984,260x445
1195,김창락,회화,고향의 봄,1985,196x623
1196,김구,한국화,또 다른 봄,2010,200x65 10폭
1197,김동규,회화,바다Ⅰ,2000,130x162
1198,남정현,회화,무제,1998,130x91
1199,서홍원,한국화,역,1994,114x174
1200,박장길,회화,밤과 꿈,2008,197x259
1201,허기태,회화,해와 달,1995,118x168
1202,하차연,뉴미디어,스위트 홈4,2009,"16:9, 450x253"
1203,성재휴,한국화,산수,1960,34x69
1204,성재휴,한국화,생동,1970,189x127.5
1205,권여현,회화,바늘구멍,1996,162.2x130.3
1206,권순철,회화,얼굴,2002,162x120
1207,정상화,판화,무제(Untitleed),1978,185x96
1208,박생광,한국화,초충도(나비와 나리꽃),1960,45x48.5
1209,박생광,한국화,화조도 10곡 병풍,1973,138x33.5x10
1210,이우환,회화,With Wind,1991,228x182
1211,박석원,조각,핸들 - 우주,2006,175x175x50
1212,정상복,회화,미술시간,1930,27x35
1213,박생광,한국화,딱다구리,1960,53.5x45
1214,박생광,한국화,복숭아,1970,45.5x69
1215,성재휴,한국화,산수,1960,62x64.6
1216,이 준,회화,달밤/하늘,1964,158x127
1217,백성근,조소,Floating picnic,2010,63x50x2
1218,하태홍,회화,어떤 아이의 이야기,1980,97x145.5
1219,유택렬,회화,무제,1967,50x60.6
1220,정상복,회화,금강산,1997,45x70
1221,정원식,회화,아리랑-I,2010,162x130
1222,권여현,회화,깔때기,1996,162.2x130.3
1223,권순철,회화,관악산,2011,260x90
1224,정상복,회화,석양,1958,19x27
1225,이목일,회화,사랑을 찾아서,2014,130x162
1226,윤병석,회화,정,1988,72.7x60.6
1227,김홍석,회화,당간지주,1991,97x130.5
1228,김종원,서예,문수사 장경비,2014,210x150
1229,김종수,회화,고(古),1999,165x106
1230,박생광,한국화,목어와 나비,1970,56x41
1231,하인두,회화,구성,1988,116.8x72.7
1232,이두옥,회화,불(佛)-Ⅱ,1982,145x122
1233,이두옥,회화,불국사 소견-Ⅰ,1978,145x123
1234,이두옥,회화,불국사 소견-Ⅱ,1979,112.5x145
1235,이두옥,회화,불국사 소견-Ⅲ,1979,112x145
1236,이두옥,회화,디지털 이미지,2003,117x91cm x3개
1237,정상돌,회화,마산항,1990,27.3x45.5
