작품명(한글),작품명(영문),크기,재질,작가(한글),작가(영문),국적,제작년월,설치장소,작품출처,작품이미지
나는 안데스의 여인들,Andean woman in flight,4.3X2.8X3.8 (m),청동,"누네스 델 프라도, 마리나",Nunes Del Prado-Marina,볼리비아,1988-09-30,수영장 인근,조각초대전,https://www.somamuseum.org/manage/upload_files/piece_prdt/image_150/0158.jpg
칼 조각,Knife Sculpture,3.2X3.2X4.0 (m),"나무, 철, 돌, 밧줄","위커, 귄터",Uecker Gunther,독일,1988-04-30,88호수 옆,2차 심포지움,https://www.somamuseum.org/manage/upload_files/piece_prdt/image_150/0148.jpg
무한에 이르기까지의 여정,Itinerary to the void,6.0X0.6X7.1 (m),"스테인레스 스틸, 철","다나까, 신따로",Tanaka-Shintaroh,일본,1988-09-30,88호수 주변,조각초대전,https://www.somamuseum.org/manage/upload_files/piece_prdt/image_150/2004010815335859554_b.jpg
올림픽을 위한 조각,Sculpture for Olympics,5.2X4.4X6.2 (m),철,"하젠브로이크, 에른스트",Hazenbroek-Ernest,네덜란드,1988-09-30,수영장 옆,조각초대전,https://www.somamuseum.org/manage/upload_files/piece_prdt/image_150/0163.jpg
정상,To the top,3.2X5.0X9.0 (m),화강암,"얀코비치, 요젭",Jankovic-Josef,체코슬로바키아,1987-09-30,88호수 옆,1차 심포지움,https://www.somamuseum.org/manage/upload_files/piece_prdt/image_150/0169.jpg
무제,Untitled,0.7X0.8X2.2 (m),대리석,"바스부스, 조셉",Basbous-Joseph,레바논,1988-09-30,88호수 옆,조각초대전,https://www.somamuseum.org/manage/upload_files/piece_prdt/image_150/2004010815252611791_b.jpg
무한대의 다리,Bridge of eternity,7.5X6.0X12.0 (m),코르텐 스틸,"뒤봉, 조르쥬",Du Bon-Jorge,멕시코,1988-04-30,북2문 앞,2차 심포지움,https://www.somamuseum.org/manage/upload_files/piece_prdt/image_150/0166.jpg
무제,Untitled,4.8X4.8X0.2 (m),코르텐 스틸,"레센드, 호세",Resende-Jose,브라질,1988-09-30,88호수 옆,조각초대전,https://www.somamuseum.org/manage/upload_files/piece_prdt/image_150/0161.jpg
축적 87-07,Accumulation 87-07,11.6X15.0X7.0 (m),화강암,박석원,"Park, Suk-won",대한민국,1987-09-30,88호수 옆,1차 심포지움,https://www.somamuseum.org/manage/upload_files/piece_prdt/image_150/0159.jpg
호수의 부인,Lady at the lake,0.6X0.6X1.5 (m),구리,라인후드,Reinhiud,벨기에,1988-09-30,88호수,조각초대전,https://www.somamuseum.org/manage/upload_files/piece_prdt/image_150/0183.jpg
날개짓,Wing's breath,3.0X3.0X3.5 (m) 17개,스테인레스 스틸,"싱구, 스스무",Shingu-Susumu,일본,1988-04-30,88호수,2차 심포지움,https://www.somamuseum.org/manage/upload_files/piece_prdt/image_150/0162.jpg
구성,Composition,2.0X4.5X8.0 (m),화강암,"다미아노프, 크룸",Damianov-Kroum,불가리아,1987-09-30,88호수 옆,1차 심포지움,https://www.somamuseum.org/manage/upload_files/piece_prdt/image_150/0160.jpg
도약,The jump,3.0X1.0X1.7 (m),스테인레스 스틸,"알파로, 안드레우",Alfaro-Andreu,스페인,1988-09-30,88호수 옆,조각초대전,https://www.somamuseum.org/manage/upload_files/piece_prdt/image_150/0157.jpg
원류의 분절,The articulation of the origin,10.0X13.0X3.0 (m),"철, 대리석","말레르, 레오폴도",Maler-Leopoldo,아르헨티나,1988-09-30,피크닉장,조각초대전,https://www.somamuseum.org/manage/upload_files/piece_prdt/image_150/0165.jpg
은신처,Refuge,25.0X24.0X6.8 (m),"콘크리트, 화강암, 벽돌","시몬즈, 찰스",Simonds-Charles,미국,1988-09-30,피크닉장,조각초대전,https://www.somamuseum.org/manage/upload_files/piece_prdt/image_150/0168.jpg
신호기,Semaphore,1.1X1.1X5.7 (m),철,"엥그룬드, 라르스",Englund-Lars,스웨덴,1988-09-30,피크닉장,조각초대전,https://www.somamuseum.org/manage/upload_files/piece_prdt/image_150/0164.jpg
전쟁의 보물,Treasure of war,1.9X2.0X0.03 (m),철,사르키스,Sarkis,터키,1988-09-30,피크닉장,조각초대전,https://www.somamuseum.org/manage/upload_files/piece_prdt/image_150/0175.jpg
무제,Untitled,20.0X10.0X2.4 (m),화강암,박충흠,"Park, Choong-heum",대한민국,1988-09-30,피크닉장,조각초대전,https://www.somamuseum.org/manage/upload_files/piece_prdt/image_150/0174.jpg
트로이,Troy,5.6X1.8X8.9 (m),콘크리트,"요바노비치, 지오르지",Jovanovics-Gyorgy,헝가리,1987-09-30,피크닉장,1차 심포지움,https://www.somamuseum.org/manage/upload_files/piece_prdt/image_150/0167.jpg
안데스,Andes,3.8X4.5X4.8 (m),화강암,"카라스코, 테드",Carrasco-Ted,볼리비아,1988-09-30,피크닉장,조각초대전,https://www.somamuseum.org/manage/upload_files/piece_prdt/image_150/0171.jpg
엄지손가락,The Thumb,3.6X2.7X6.0 (m),청동,"발다치니, 세자르",Cesar,프랑스,1988-04-30,미술관 주변,2차 심포지움,http://www.somamuseum.org/manage/upload_files/piece_prdt/image_600/0178.jpg
성장 1/ 코브라,Growth 1 / Cobra,0.3X0.2X0.6(m)/ 0.4X0.3X1.1 (m),대리석,"파텔, 나그지",Patel-Nagji,인도,1988-09-30,미술관 주변,조각초대전,https://www.somamuseum.org/manage/upload_files/piece_prdt/image_150/0200.jpg
낙하,The fall,0.2X1.9X3.5 (m),철,"콜리발, 스타니슬라프",Kolibal-Stanislav,체코슬로바키아,1988-09-30,미술관 ,조각초대전,https://www.somamuseum.org/manage/upload_files/piece_prdt/image_150/0058.jpg
신탁,Oracle,0.7X0.8X3.0 (m),청동,"헌트, 브라이안",Hunt-Bryan,미국,1988-09-30,미술관 입구,조각초대전,https://www.somamuseum.org/manage/upload_files/piece_prdt/image_150/0061.jpg
쿠베르탱,Coubertin,400x550x550cm,"모니터, 스틸, 조명",백남준,"Baek, Nam-jun",대한민국,2004-06-05,미술관 인접,비디오아트홀 작품구입,https://www.somamuseum.org/manage/upload_files/piece_prdt/image_150/백남준80-088.jpg
점 88-4-1,Dots 88-4-1,"4.4X1.7X1.7 (m), 3.3X1.8X1.7 (m), 2.3X1.8X1.6(m)","청동, 화강암",최만린,"Choi, Man-lin",대한민국,1988-09-30,미술관 주변,조각초대전,https://www.somamuseum.org/manage/upload_files/piece_prdt/image_150/0027.jpg
무제,Untitled,0.4X0.4X1.5 (m),대리석,"지 까마르고, 세르지오",De Camargo-Sergio,브라질,1988-09-30,미술관 주변,조각초대전,https://www.somamuseum.org/manage/upload_files/piece_prdt/image_150/0026.jpg
물마루,Comber,2.6X0.03X2.1 (m),철,"영거맨, 잭",Youngerman-Jack,미국,1988-09-30,미술관 주변,조각초대전,https://www.somamuseum.org/manage/upload_files/piece_prdt/image_150/0023.jpg
숄을 두른 여인,Standing woman with shawl,0.8X0.6X2.0 (m),청동,"주니가, 프란시스코",Zuniga-Francisco,코스타리카,1988-09-30,미술관 주변,조각초대전,https://www.somamuseum.org/manage/upload_files/piece_prdt/image_150/0022.jpg
화살,Arrow,0.5X0.4X3.2 (m),청동,"스탈리, 프랑소아",Stahly-Francois,프랑스,1988-09-30,미술관 주변,조각초대전,https://www.somamuseum.org/manage/upload_files/piece_prdt/image_150/0005.jpg
구조 85-A-2,Structure 85-A-2,0.5X0.5X0.9 (m),화강암,"나하라, 다카시",Nahara-Takashi,일본,1988-09-30,미술관 주변,조각초대전,https://www.somamuseum.org/manage/upload_files/piece_prdt/image_150/0006.jpg
서울을 위한 표지,Signal for seoul,0.5X0.5X5.1 (m),철,타키스,Takis,그리스,1988-09-30,미술관 주변,조각초대전,https://www.somamuseum.org/manage/upload_files/piece_prdt/image_150/0009.jpg
무제,Untitled,2.8X2.0X3.0 (m),철,"판 홀텐, 밥",Van Holten-Bob,네덜란드,1988-09-30,주차장,조각초대전,https://www.somamuseum.org/manage/upload_files/piece_prdt/image_150/0113.jpg
M5 모빌,M5 moblie,3.5X3.5X2.9 (m),스테인레스 스틸,"아드리안, 마크",Adrian-MARC,오스트리아,1988-09-30,미술관 주변,조각초대전,https://www.somamuseum.org/manage/upload_files/piece_prdt/image_150/0015.jpg
버팀대,Propped channel,1.8X1.6X1.3 (m),철,"앨링톤, 에드워드",Alington-Edward,영국,1988-09-30,미술관 주변,조각초대전,https://www.somamuseum.org/manage/upload_files/piece_prdt/image_150/0014.jpg
아즈 앤드 앤즈,Odd's and and's,2.7X1.3X2.4 (m),철,"벵글리스, 린다",Benglis-Lynda,미국,1988-09-30,미술관 주변,조각초대전,https://www.somamuseum.org/manage/upload_files/piece_prdt/image_150/0024.jpg
오마타,Omata,0.4X0.5X2.3 (m),청동,"헬리아, 크리스틴",Hellyar-Christine,뉴질랜드,1988-09-30,미술관 주변,조각초대전,https://www.somamuseum.org/manage/upload_files/piece_prdt/image_150/0021.jpg
무제,Untitled,1.1X0.6X2.5 (m),대리석,카세라,Cascella,이탈리아,1988-09-30,미술관 주변,조각초대전,https://www.somamuseum.org/manage/upload_files/piece_prdt/image_150/0019.jpg
단편들,Shredder,2.3X2.3X2.3 (m),나무,"부르주아, 루이스",Bougeois-Louise,미국,1988-09-30,미술관 출구,조각초대전,https://www.somamuseum.org/manage/upload_files/piece_prdt/image_150/2004010815115582440_b.jpg
자화상과 그림자(자화상),Self-portrait,1.5X3.5X2.1 (m),철선,"도른자이프, 프랭크",Dornself-Frank,독일,1988-09-30,대초원,조각초대전,https://www.somamuseum.org/manage/upload_files/piece_prdt/image_150/0047.jpg
비스듬히 세워진 두개의 선들,Two lines oblique up,3.5X1.6X6.8 (m),스테인레스 스틸,"리키, 조지",Rickey-Georges,미국,1988-09-30,미술관 출구,조각초대전,https://www.somamuseum.org/manage/upload_files/piece_prdt/image_150/0056.jpg
호상 도시,Pile-dwelling city,3.5X2.0X3.7 (m),청동,"마로코, 아르만도",Marroco-Armando,이탈리아,1988-09-30,미술관 주변,조각초대전,https://www.somamuseum.org/manage/upload_files/piece_prdt/image_150/0020.jpg
에로보로,Aerovoro,4.5X0.2X0.1 (m),철,"치리노 로페즈, 마르틴",Chirino-Lopez Martin,스페인,1988-09-30,미술관 주변,조각초대전,https://www.somamuseum.org/manage/upload_files/piece_prdt/image_150/0017.jpg
스핑크스 NO II,Sphinx No.Ⅱ,1.0X0.7X1.3 (m),청동,테오도로스,Theodoros,그리스,1988-09-30,미술관 주변,조각초대전,https://www.somamuseum.org/manage/upload_files/piece_prdt/image_150/0008.jpg
무제,Untitled,0.4X0.4X1.5 (m),대리석,"로사스, 베니토",Rosas-Benito,페루,1998-09-30,미술관 주변,조각초대전,https://www.somamuseum.org/manage/upload_files/piece_prdt/image_150/0025.jpg
빛의 파종,The seeding of lights,3.4X3.4X5.5 (m),"유리, 나무",윤석남,"Yun, Seok-nam",대한민국,1998-09-20,동심의 길,10주년 심포지움,https://www.somamuseum.org/manage/upload_files/piece_prdt/image_150/0124.jpg
이삭의 희생 Ⅱ,Sacrifice of Isaac Ⅱ,3.0X0.3X4.7 (m),철,"카디시만, 메나세",Kadishman-Menashe,이스라엘,1988-09-30,동심의 길,조각초대전,https://www.somamuseum.org/manage/upload_files/piece_prdt/image_150/0033.jpg
말 위의 산책인,Yugoslavia,1.6X1.0X3.8 (m),합성수지,"론카리치, 즈본코",Loncaric-Zvonko,유고슬라비아,1988-09-30,동심의 길,조각초대전,https://www.somamuseum.org/manage/upload_files/piece_prdt/image_150/0037.jpg
충돌,Collision,1.9X3.0X2.4 (m),화강암,"바잔, 빌",Vazan-Bill,캐나다,1988-09-30,동심의 길,조각초대전,https://www.somamuseum.org/manage/upload_files/piece_prdt/image_150/0041.jpg
외계인,Extraterrestrial,3.8X1.6X3.0 (m),합성수지,"키무네, 라쉬드",Khimoune-Rachid,알제리,1988-09-30,동심의 길,조각초대전,https://www.somamuseum.org/manage/upload_files/piece_prdt/image_150/0049.jpg
만약에 6이 9라면,If six was nine,1.6X1.2X1.9 (m),철,"베네만, 피어",Venemann=Peer,네덜란드,1988-09-30,동심의 길,조각초대전,https://www.somamuseum.org/manage/upload_files/piece_prdt/image_150/0053.jpg
악보,Partirion,2.6X0.8X1.3 (m),철,"콜메나레즈, 아스드루발",Colmenarez-Asdrubal,베네수엘라,1988-09-30,동심의 길,조각초대전,https://www.somamuseum.org/manage/upload_files/piece_prdt/image_150/0048.jpg
경계를 넘어서,Out of context,6.0X2.7X8.0 (m),철,"그라우 가리가, 호셉",Grau Garriga-Josep,스페인,1988-09-30,대초원,조각초대전,https://www.somamuseum.org/manage/upload_files/piece_prdt/image_150/0001.jpg
나비,Butterfly,3.1X0.2X1.6 (m),철,"플라만두, 호레아",Flamandu-Horea,루마니아,1988-09-30,대초원,조각초대전,https://www.somamuseum.org/manage/upload_files/piece_prdt/image_150/0065.jpg
변화의 신호(신호기-변형),Signs-transformation,1.3X1.3X3.5 (m),철,"하예크, 오토 헤르베르트",Hajek-Otto Herbert,독일,1988-09-30,대초원,조각초대전,https://www.somamuseum.org/manage/upload_files/piece_prdt/image_150/0106.jpg
구성,Composition,1.9X1.1X3.1 (m),대리석,"리치에즈, 마르티네즈",Richiez-Martinez,도미니카,1988-09-30,대초원,조각초대전,https://www.somamuseum.org/manage/upload_files/piece_prdt/image_150/0046.jpg
가족,Family,1.4X2.0X5.0 (m),화강암,"카르데나스, 아우그스틴",Cardenas-Augustin,쿠바,1987-09-30,대초원,1차 심포지움,https://www.somamuseum.org/manage/upload_files/piece_prdt/image_150/0002.jpg
균형 유지를 위한 일곱 가지 시도,Seven experiments to keep the balance,2.6X1.4X1.2 (m),대리석,"쉔홀츠, 미하엘",Schoenholtz-Michael,독일,1988-09-30,대초원,조각초대전,https://www.somamuseum.org/manage/upload_files/piece_prdt/image_150/0040.jpg
M.B를 위한 사원,Temple for M.B.,2.0X1.5X2.4 (m),"스테인레스 스틸, 석회암","피체랄드, 톰",Fitzgerald-Tom,아일랜드,1988-09-30,대초원,조각초대전,https://www.somamuseum.org/manage/upload_files/piece_prdt/image_150/0036.jpg
50년대와 60년대의 대항,War of the 50's Against the 60's,4.0X3.8X0.8 (m),주철,"부름, 에르빈",Wurm-Erwin,오스트리아,1988-09-30,대초원,조각초대전,https://www.somamuseum.org/manage/upload_files/piece_prdt/image_150/0045.jpg
하늘 기둥,The pillars of the sky,5.5X3.5X15.0 (m),콘크리트,"수비라치, 호셉 마리아",Subirachs-Josep,스페인,1987-09-30,대초원,1차 심포지움,https://www.somamuseum.org/manage/upload_files/piece_prdt/image_150/0050.jpg
사랑,Love,1.2X0.9X4.2 (m),화강암,김찬식,"Kim, Chan-shik",대한민국,1988-09-30,대초원,조각초대전,https://www.somamuseum.org/manage/upload_files/piece_prdt/image_150/0038.jpg
구조,Construction,7.3X3.0X2.1 (m),철,"쿠자살로, 마티",Kujasalo-Matti,핀란드,1988-09-30,대초원,조각초대전,https://www.somamuseum.org/manage/upload_files/piece_prdt/image_150/0007.jpg
구형 분수,Globe fountain,2.2X2.2X3.1 (m),스테인레스 스틸,"네스자르, 칼",Nesjar-Carl,노르웨이,1988-09-30,대초원,조각초대전,https://www.somamuseum.org/manage/upload_files/piece_prdt/image_150/0057.jpg
플라밍고,Flamingo,2.0X2.3X5.8 (m),철,"하라즈티, 이스트반",Haraszty-Istvan,헝가리,1988-09-30,대초원,조각초대전,https://www.somamuseum.org/manage/upload_files/piece_prdt/image_150/0059.jpg
무제,Untitled,2.3X1.4X2.2 (m),"철, 스테인레스 스틸","브로힐리아, 엔리크",Broglia-Enrique,우루과이,1988-09-30,대초원,조각초대전,https://www.somamuseum.org/manage/upload_files/piece_prdt/image_150/0060.jpg
형상의 전설,Legend of forms,2.5X1.2X8.0 (m),화강암,"뷸라스, 시메",Vulas-Sime,유고슬라비아,1987-09-30,대초원,1차 심포지움,https://www.somamuseum.org/manage/upload_files/piece_prdt/image_150/0003.jpg
증인 III,Witness Ⅲ,8.2X3.3X3.5 (m),코르텐 스틸,"뒤바크, 아로이스",Dubach-Alois,스위스,1988-04-30,대초원,2차 심포지움,https://www.somamuseum.org/manage/upload_files/piece_prdt/image_150/0064.jpg
근육과 눈,Muscles and snow,2.5X2.0X4.1 (m),철,"미뉴진, 마르타",Minujin-Marta,아르헨티나,1988-09-30,대초원,조각초대전,https://www.somamuseum.org/manage/upload_files/piece_prdt/image_150/0051.jpg
기둥 1-C,Column 1-C,1.0X1.0X3.8 (m),"철, 금박","레가조니, 리카르도",Regazzoni-Ricardo,멕시코,1988-09-30,조각의 숲,조각초대전,https://www.somamuseum.org/manage/upload_files/piece_prdt/image_150/0109.jpg
원,Circle,2.0X0.6X2.0 (m),철,아르소노,Arsono,인도네시아,1988-09-30,조각의 숲,조각초대전,https://www.somamuseum.org/manage/upload_files/piece_prdt/image_150/0091.jpg
정원놀이,Garden game,3.7X0.7X2.0 (m),합성수지,"아미티지, 케네스",Armitage-Kenneth,영국,1988-09-30,대초원,조각초대전,https://www.somamuseum.org/manage/upload_files/piece_prdt/image_150/0062.jpg
트로피,Trophy,1.0X0.7X3.0 (m),청동,"트위스, 그리어",Twiss-Greer,뉴질랜드,1988-09-30,대초원,조각초대전,https://www.somamuseum.org/manage/upload_files/piece_prdt/image_150/0055.jpg
우화적인 기둥,Allegorical column,0.5X0.5X3.0 (m),세라믹,"마세도, 디마스",Macedo-Dimas,포르투칼,1988-09-30,조각의 숲,조각초대전,https://www.somamuseum.org/manage/upload_files/piece_prdt/image_150/0077.jpg
피아노 측면도,Piano profile,3.4X1.7X1.7 (m),콘크리트,"발가드손, 이바르",Valgadsson-Ivar,아이슬란드,1988-09-30,조각의 숲,조각초대전,https://www.somamuseum.org/manage/upload_files/piece_prdt/image_150/0070.jpg
움직이는 분수,Mobile fountain,8.0X8.0X4.0 (m),스테인레스 스틸,"뷔리, 폴",Bury-Pol,벨기에,1988-04-30,대초원 입구,2차 심포지움,https://www.somamuseum.org/manage/upload_files/piece_prdt/image_150/0054.jpg
빛의 진로,Way of light,25.0X24.0X6.0 (m),"콘크리트, 나무","카라반, 다니",Karavan-Dani,이스라엘,1987-09-30,대초원 옆길,1차 심포지움,https://www.somamuseum.org/manage/upload_files/piece_prdt/image_150/0042.jpg
빛의 피라미드,The pyramid of the light,3.0X3.0X2.9 (m),철,"아스나기, 카를로 마시모",Asnaghi-Cario Massimo,이탈리아,1988-09-30,대초원 옆길,조각초대전,https://www.somamuseum.org/manage/upload_files/piece_prdt/image_150/0029.jpg
지팡이의 춤,Dance of the cane,1.40X0.9X2.5 (m),철,"압델 바디에, 세리프",Abdel Badie-Cherif,이집트,1988-09-30,대초원 앞,조각초대전,https://www.somamuseum.org/manage/upload_files/piece_prdt/image_150/0052.jpg
무제,Untitled,4.9X1.0X2.1 (m),철,"메크린, 브루스",Mclean-Bruce,영국,1988-09-30,대초원,조각초대전,https://www.somamuseum.org/manage/upload_files/piece_prdt/image_150/0035.jpg
바람개비,Weather cock,3.0X0.8X1.8 (m),스테인레스 스틸,"반 티에넨, 마르셀",Van Thienen-Marcel,프랑스,1988-09-30,대초원 앞,조각초대전,https://www.somamuseum.org/manage/upload_files/piece_prdt/image_150/0043.jpg
스쿠도,Scudo,1.0X0.5X2.5 (m),알루미늄,"포모도로, 아르날도",Pormodoro-Arnaldo,이탈리아,1988-09-30,대초원 옆길,조각초대전,https://www.somamuseum.org/manage/upload_files/piece_prdt/image_150/0090.jpg
무제,Untitled,0.5X0.5X3.1 (m),"코르텐 스틸, 청동","룰렝, 펠릭스",Roulin-Felix,벨기에,1988-09-30,대초원 옆길,조각초대전,https://www.somamuseum.org/manage/upload_files/piece_prdt/image_150/0044.jpg
본 패스트, Born Fast,"132x104x262(cm), 400kg",브론즈,이형구,Lee Hyungkoo,대한민국,2010-03-16,대초원,기증,https://www.somamuseum.org/manage/upload_files/piece_prdt/image_150/이형구_본페스트.jpg
대화,Dialogue,6.0X1.8X3.3 (m),화강암,"아마라, 모한",Amara-Mohand,알제리,1987-09-30,대초원 옆길,1차 심포지움,https://www.somamuseum.org/manage/upload_files/piece_prdt/image_150/0032.jpg
즐거운 여행,Good trip,12.0X2.2X1.6 (m),철,"칼리나, 제르지",Kalina-Jerzy,폴란드,1988-09-30,대초원 앞,조각초대전,https://www.somamuseum.org/manage/upload_files/piece_prdt/image_150/0039.jpg
밑으로부터,From down under,7.3X1.6X1.6 (m),철,제라르 미셀,Ge'rard-Michrel,프랑스,1988-09-30,대초원,조각초대전,https://www.somamuseum.org/manage/upload_files/piece_prdt/image_150/0018.jpg
열림,Opening up,1009X5.0X7.0 (m),철근 콘크리트,"아기라, 알렉산드루",Arghira-Alexandru,루마니아,1987-09-30,대초원,1차 심포지움,https://www.somamuseum.org/manage/upload_files/piece_prdt/image_150/0031.jpg
은둔의 방,Room of seclusion,4.5X3.5X4.0 (m),스테인리스 스틸,원인종,"Won, In-jong",대한민국,1998-09-10,조각의 숲,10주년 심포지움,https://www.somamuseum.org/manage/upload_files/piece_prdt/image_150/0126.jpg
"네 마음의 자물통, 내 마음의 열쇠",Lock of your mind,6.0X5.7X3.0 (m),"철, 체인",박불똥,"Park, Bul-dong",대한민국,1998-09-20,조각의 숲,10주년 심포지움,https://www.somamuseum.org/manage/upload_files/piece_prdt/image_150/0130.jpg
마마,Mama,6.0X3.4X2.0 (m),화강암,"루카비시니코프, 알렉산더",Rukavishnikov-Alexander,러시아,1987-09-30,조각의 숲,1차 심포지움,https://www.somamuseum.org/manage/upload_files/piece_prdt/image_150/0131.jpg
우제류를 위하여,For even-toed,0.85X1.6X1.9 (m) 5개,청동,신현중,"Shin, Hyeon-jung",대한민국,1998-09-30,조각의 숲,10주년 심포지움,https://www.somamuseum.org/manage/upload_files/piece_prdt/image_150/0132.jpg
길,Way,14.2X0.5X1.85 (m),청동,김영원,"Kim, Young-won",대한민국,1998-09-20,조각의 숲,10주년 심포지움,https://www.somamuseum.org/manage/upload_files/piece_prdt/image_150/0129.jpg
빛·울림,Light · Echo,2.1X0.6X5.0 (m),화강암,김청정,"Kim, Cheong-jeong",대한민국,1998-09-25,조각의 숲,10주년 심포지움,https://www.somamuseum.org/manage/upload_files/piece_prdt/image_150/0127.jpg
방주1,Ark 1,720x460x110cm,"브론즈, 스테인리스 스틸",왕중,Wang Zhong,중국,2014-12-22,미술관 주변,기증,
공자가 노자에게 도를 묻다.,Asking About the Way: Confucious' meeting with Laozi,"노자: 253x50x50cm, 공자: 259x52x62cm",브론즈,우웨이샨,Wu Weishan,중국,2014-12-22,미술관 주변,기증,
행자(총 9pieces 작품 중 2pieces 만 미술관 기증),Pedestrian,"170x73x74cm, 119x67x54cm",브론즈,인샤오펑,Yin Xiaofeng,중국,2014-12-22,미술관 주변,기증,
올림픽-1988,Olympic-1988,8.0X8.3X25.0 (m),스테인레스 스틸,문신,Moon-Shin,대한민국,1988-09-30,남4문 주변,조각초대전,https://www.somamuseum.org/manage/upload_files/piece_prdt/image_150/0010.jpg
착시 현상,Physichromies,0.6X0.6X2.0 (m),알루미늄,"크루즈, 디에즈",Cruz-Diez,베네수엘라,1988-09-30,남4문 앞,조각초대전,https://www.somamuseum.org/manage/upload_files/piece_prdt/image_150/0179.jpg
BC XXXXL,BC XXXL,2.8X1.3X1.8 (m),철,"자코버, 벤",Jakober-Ben,영국,1988-09-30,남4문 앞,조각초대전,https://www.somamuseum.org/manage/upload_files/piece_prdt/image_150/0133.jpg
무제,Untitled,"2.2X1.4X0.6 (m) 2개, 2.2X0.7X0.8(m) 1개","철, 나무","베를린, 레오니드",Berlin-Leonid,러시아,1988-09-30,평화의 광장 인근,조각초대전,https://www.somamuseum.org/manage/upload_files/piece_prdt/image_150/0177.jpg
아르거스 V,Argus V,0.7X0.8X3.5 (m),"철, 스테인레스 스틸","가비노, 아마데오",Gabino-Amadeo,스페인,1988-09-30,서1문 주변,조각초대전,https://www.somamuseum.org/manage/upload_files/piece_prdt/image_150/0172.jpg
크리스탈 밑의 세계,Worlds under the crystal,2.3X2.1X3.0 (m),철,"펠게레스, 마뉴엘",Felguerez-Manuel,멕시코,1988-09-30,서1문 주변,조각초대전,https://www.somamuseum.org/manage/upload_files/piece_prdt/image_150/0173.jpg
목각호랑이상,,390x210(cm),나무,김달훈,,한국,1987-10-29,기념관 앞,기증,https://www.somamuseum.org/manage/upload_files/piece_prdt/image_150/198%20김달훈%20대한민국-목각%20호랑이상(390X210%20나무).jpg
구성,Composition,14.2X2.7X1.8 (m),대리석,"루세프, 이반",Russev-Ivan,불가리아,1988-09-30,회관앞,조각초대전,https://www.somamuseum.org/manage/upload_files/piece_prdt/image_150/2004010815092663788_b.jpg
바또 라브와르,Le bateau lavoir,13.0X4.0X12.0 (m),철,"자콥센, 로베르트",Jacobsen-Robert,덴마크,1988-04-30,회관앞,2차 심포지움,https://www.somamuseum.org/manage/upload_files/piece_prdt/image_150/0170.jpg
제24회 서울올림픽 대회,Seoul XXIV Olympiad,30.0X18.0X12.0 (m),"화강암, 화산암, 콘크리트",디오한디,Diohandi,그리스,1987-09-30,파크텔 앞,1차 심포지움,https://www.somamuseum.org/manage/upload_files/piece_prdt/image_150/0176.jpg
너도 밤나무의 열매,Beech nuts,1.7X1.0X2.6 (m),스테인레스 스틸,"콩데, 앙드레 아팔테",Conde-Andre' Affalter,스위스,1988-09-30,회관근처 공원 외,조각초대전,https://www.somamuseum.org/manage/upload_files/piece_prdt/image_150/0028.jpg
올림픽 레이저 워터 스크린 2001,Olympic laser water screen 2001,30X1.0X28 (m),"레이저, 분수",백남준,"Baek, Nam-jun",대한민국,2001-04-15,몽촌해자,비디오아트홀 작품구입,https://www.somamuseum.org/manage/upload_files/piece_prdt/image_150/2004010815155274379_b.jpg
서울올림피아드 기념비,Seoul olympiad monument,3.0X3.0X1.38 (m),"화강암, 청동",최만린,"Choi, Man-lin",대한민국,1992-01-01,평화의 광장,기념조형물,https://www.somamuseum.org/manage/upload_files/piece_prdt/image_150/2004010815184243649_b.jpg
세계 평화의 문,World peace gate,"지하1층, 지상4층 62.0×37.0×24.0 (m)",철근 콘크리트,김중업,"Kim, Chung-up",대한민국,1988-08-21,평화의 광장,기념조형물,https://www.somamuseum.org/manage/upload_files/piece_prdt/image_150/2004010815464688788_b.jpg
올림픽 운동 조형물-서울의 만남,Rendezvous in Seoul,20.8X20.8X7.2 (m),"화강암, 청동","최만린/수비라치,호셉 마리아","Choi, Man-lin, Subirachs-Josep Maria",대한민국/스페인,1989-08-30,평화의 광장 ,기념조형물,https://www.somamuseum.org/manage/upload_files/piece_prdt/image_150/2004010815195851645_b.jpg
서울올림픽대회 기록 조형물-영광의 벽,Seoul olympic record monument - Wall of glory,104.0X4.0 (m),화강암,민철홍,"Min, Chol-hong",대한민국,1989-09-10,몽촌해자,기념조형물,https://www.somamuseum.org/manage/upload_files/piece_prdt/image_150/2004010815171836781_b.jpg
수변무대벽화 (1),Mural 1,67.0X2.2 (m),"철, 에나멜","메세지어, 장",Messagier-Jean,프랑스,1988-09-30,몽촌해자,기념조형물,https://www.somamuseum.org/manage/upload_files/piece_prdt/image_150/2004010815205542545_b.jpg
수변무대벽화 (2),Mural 2,67.0X2.2 (m),"철, 에나멜","프란체임, 엘리자베스",Franzheim-Elizabeth,미국,1988-09-30,몽촌해자,기념조형물,https://www.somamuseum.org/manage/upload_files/piece_prdt/image_150/2004010815215628417_b.jpg
재일동포 성금 기념비,Koreans in Japan monument of support from Koreans residents in Japan,.,석재,한창조,"Han, Chang-jo",대한민국,1988-09-30,올림픽 회관 주변,기념조형물,https://www.somamuseum.org/manage/upload_files/piece_prdt/image_150/2004010815452182764_b.jpg
터키 분수,,.,석재,터키 정부 기증,,터키,1988-06-30,회관 근처,기념조형물,https://www.somamuseum.org/manage/upload_files/piece_prdt/image_150/200401081547563554_b.jpg
대지와 슬라브로 된 구조물,Earth and slab construction concrete,12.0X3.1X0.3 (m),콘크리트,"언스워드, 켄",Unxworth-Ken,오스트레일리아,1988-09-30,조각의 숲,조각초대전,https://www.somamuseum.org/manage/upload_files/piece_prdt/image_150/0067.jpg
운명론을 위한 하나의 제안,A proposal for fatalism,3.0X1.0X6.0 (m),화강암,정관모,"Chung, Kwan-mo",대한민국,1988-09-30,조각의 숲,조각초대전,https://www.somamuseum.org/manage/upload_files/piece_prdt/image_150/0068.jpg
보르헤스를 기다리며,Waiting for Borges,1.4X1.9X2.3 (m),주철,"팔마, 우라노",Palma-Urano,이탈리아,1988-09-30,조각의 숲,조각초대전,https://www.somamuseum.org/manage/upload_files/piece_prdt/image_150/0071.jpg
전사,Fighter,"0.79X0.45X1.9 (m), 1.1X0.5X1.5 (m)",화강암,"포포브, 에밀",Popov-Emil,불가리아,1988-09-30,조각의 숲,조각초대전,https://www.somamuseum.org/manage/upload_files/piece_prdt/image_150/0069.jpg
강렬한 흰색,Hard White,1.9X0.5X2.2 (m),대리석,"콘사그라, 피에트로",Consagra-Pietro,이탈리아,1988-09-30,조각의 숲,조각초대전,https://www.somamuseum.org/manage/upload_files/piece_prdt/image_150/0104.jpg
무제,Untitled,2.0X2.0X2.0 (m),철,"벨카이아, 파리드",Belkahia-Farid,모로코,1988-09-30,조각의 숲,조각초대전,https://www.somamuseum.org/manage/upload_files/piece_prdt/image_150/0105.jpg
뉴스,News,1.0X1.2X0.7,알루미늄,"메첼, 올라프",Metzel-Olaf,독일,1988-09-30,조각의 숲,조각초대전,https://www.somamuseum.org/manage/upload_files/piece_prdt/image_150/0108.jpg
현실의 세계-초월의 세계,Cis world-trans wood,1.8X0.7X2.3 (m),"철, 거울","델 칸도 바르가스, 파트리시아",Del Canto Vargas-Patricia,칠레,1988-09-30,조각의 숲,조각초대전,https://www.somamuseum.org/manage/upload_files/piece_prdt/image_150/0107.jpg
거대한 호상 주거,The great lacustrine,1.1X0.9X3.3 (m0,철,"포포비치, 콘스탄틴",Popovici-Constartin,루마니아,1988-09-30,조각의 숲,조각초대전,https://www.somamuseum.org/manage/upload_files/piece_prdt/image_150/0111.jpg
5개의 불꽃을 위하여,For the five flames,3.3X0.7X4.2 (m),화강암,조성묵,"Cho, Sung-mook",대한민국,1988-09-30,조각의 숲,조각초대전,https://www.somamuseum.org/manage/upload_files/piece_prdt/image_150/0110.jpg
우주의 곤도라,Cosmic gondola,1.8X0.5X2.6 (m),청동,"셀미, 헤디",Selmi-Hedi,튀니지,1988-09-30,조각의 숲,조각초대전,https://www.somamuseum.org/manage/upload_files/piece_prdt/image_150/0034.jpg
서울-산소 20,Seoul-Oxygen20,6.0X4.0X2.0 (m),철,"무라오카, 사부로",Muraoka-Saburo,일본,1988-09-30,조각의 숲,조각초대전,https://www.somamuseum.org/manage/upload_files/piece_prdt/image_150/0112.jpg
달리는 사람들,Runners,2.4X1.1X2.3 (m),청동,"가다에프, 라자르",Gadaev-Lazar,러시아,1988-09-30,조각의 숲,조각초대전,https://www.somamuseum.org/manage/upload_files/piece_prdt/image_150/0012.jpg
종,Bells,4.3X0.6X2.9 (m),철,"시디라튼, 비차이",Sithiratn-Vichai,타이,1988-09-30,조각의 숲,조각초대전,https://www.somamuseum.org/manage/upload_files/piece_prdt/image_150/0118.jpg
분열체,Body in fission,0.6X1.1X1.6 (m),합성수지,"델피노, 레오나르도",Delfino-Leonardo,아르헨티나,1988-09-30,조각의 숲,조각초대전,https://www.somamuseum.org/manage/upload_files/piece_prdt/image_150/0079.jpg
안티고네,Antigone,0.9X0.9X2.7 (m),청동,"와렌, 마이클",Warren-Michael,아일랜드,1988-09-30,조각의 숲,조각초대전,https://www.somamuseum.org/manage/upload_files/piece_prdt/image_150/0092.jpg
시간과 공간 속의 만남,Encounter in time and space,6.3X2.6X4.8 (m),"스테인레스 스틸, 합성 수지","루비오 섹스토, 파블로",Rubio-Sexto Pablo,푸에르토리코,1988-09-30,조각의 숲,조각초대전,https://www.somamuseum.org/manage/upload_files/piece_prdt/image_150/0080.jpg
사랑,Love,1.8X2.6X3.3 (m),청동,"외크템, 탄쿠트",Oktem-Tankut,터키,1988-09-30,조각의 숲,조각초대전,https://www.somamuseum.org/manage/upload_files/piece_prdt/image_150/0072.jpg
다프네,Daphne,0.8X0.7X2.6 (m),황동,"스파뉼로, 주제페",Spagnulo-Giuseppe,이탈리아,1988-09-30,조각의 숲,조각초대전,https://www.somamuseum.org/manage/upload_files/piece_prdt/image_150/0093.jpg
막다른 골목,Dead end,0.4X0.2X1.0 (m),청동,"브릭스, 피터",Briggs-Peter,영국,1988-09-30,조각의 숲,조각초대전,https://www.somamuseum.org/manage/upload_files/piece_prdt/image_150/0082.jpg
원반던지는 사람,,1.6X0.9X2.6 (m),"스테인레스 스틸, 철","빈트비흐러, 마셔",Windbicher-Mascher,오스트리아,1988-09-30,조각의 숲,기증,https://www.somamuseum.org/manage/upload_files/piece_prdt/image_150/0073.jpg
개선의 기둥,Triumphant Column,0.8X0.4X2.0 (m),알루미늄,"오를로프, 보리스",Orlov-Boris,러시아,1988-09-30,조각의 숲,조각초대전,https://www.somamuseum.org/manage/upload_files/piece_prdt/image_150/0081.jpg
보충적인 채굴,Complementary extraction,5.9X3.6X2.5 (m),코르텐 스틸,"노보아, 레오폴드",Novoa-Leopold,우루과이,1988-09-30,조각의 숲,조각초대전,https://www.somamuseum.org/manage/upload_files/piece_prdt/image_150/0094.jpg
단일 형태,Monoform,0.4X0.4X2.2 (m),스테인레스 스틸,"호네거, 고프리트",Honegger-Gottfried,스위스,1988-09-30,조각의 숲,조각초대전,https://www.somamuseum.org/manage/upload_files/piece_prdt/image_150/0084.jpg
상승 25,Elevation 25,4.6X4.5X0.5 (m),"철, 돌","클라르부, 장",Clareboudt-Jean,프랑스,1988-09-30,조각의 숲,조각초대전,https://www.somamuseum.org/manage/upload_files/piece_prdt/image_150/0075.jpg
건널목 건너기,Crossing passage,2.7X2.7X2.9 (m),철,"말마이스터, 수잔네",Mahlmeister-Susanne,독일,1988-09-30,조각의 숲,조각초대전,https://www.somamuseum.org/manage/upload_files/piece_prdt/image_150/0083.jpg
비행사들을 위한 표지판,Monument for aviators,1.3X1.4X3.2 (m),합성 수지,"코파치, 스라브코",Kopac-Slavko,유고슬라비아,1988-09-30,조각의 숲,조각초대전,https://www.somamuseum.org/manage/upload_files/piece_prdt/image_150/0121.jpg
무제,Untitled,2.7X0.7X2.7 (m),알루미늄,"보테로, 제르맨",Botero-Germain,콜롬비아,1988-09-30,조각의 숲,조각초대전,https://www.somamuseum.org/manage/upload_files/piece_prdt/image_150/0074.jpg
어린 날의 추억,Childhood memories,3.7X1.6X2.2 (m),"철, 알루미늄","브리토 아베야나, 마리아",Brito Avellana-Maria,쿠바,1988-09-30,조각의 숲,조각초대전,https://www.somamuseum.org/manage/upload_files/piece_prdt/image_150/0095.jpg
자화상,Self-portrait,H 2.4 (m),청동,"닉슨, 존",Nixon-John,오스트레일리아,1988-09-30,조각의 숲,조각초대전,https://www.somamuseum.org/manage/upload_files/piece_prdt/image_150/0078.jpg
디나 볼츠,Dina bolts,1.9X1.1X2.0 (m),"철, 시멘트","루셀, 클로드",Roussel-Claude,캐나다,1988-09-30,조각의 숲,조각초대전,https://www.somamuseum.org/manage/upload_files/piece_prdt/image_150/0085.jpg
유언,Testimony,1.6X1.0X2.5 (m),"스테인레스 스틸, 철","베셀리, 알레스",Vesely-Ales,체코슬로바키아,1988-09-30,조각의 숲,조각초대전,https://www.somamuseum.org/manage/upload_files/piece_prdt/image_150/0096.jpg
아야쿠초를 봄,View to Ayacucho,1.6X1.6X2.5 (m),청동,"산체스, 파비안",Sanchez-Fabian,페루,1988-09-30,조각의 숲,조각초대전,https://www.somamuseum.org/manage/upload_files/piece_prdt/image_150/0076.jpg
마구수루 제단,Alter Macousourou,1.8X0.6X0.8 (m),대리석,"라라인, 에밀리오",Larrain-Emilio,페루,1988-09-30,조각의 숲,조각초대전,https://www.somamuseum.org/manage/upload_files/piece_prdt/image_150/0086.jpg
무제,Untitled,1.2X0.4X2.0 (m),철,핑 밍,Ping Ming,중국,1988-09-30,조각의 숲,조각초대전,https://www.somamuseum.org/manage/upload_files/piece_prdt/image_150/0098.jpg
성장과 번영,Growth and prosperity,0.7X0.7X3.4 (m),합성수지,"소에기조, 그레고리우스 싯다르타",Soegijo-Gregorius Sidharta,인도네시아,1988-09-30,조각의 숲,조각초대전,https://www.somamuseum.org/manage/upload_files/piece_prdt/image_150/0097.jpg
여정,The steps,0.5X0.5X2.0 (m),구리,"칸, 하미두자만",Khan-Hamiduzzaman,방글라데시,1988-09-30,조각의 숲,조각초대전,https://www.somamuseum.org/manage/upload_files/piece_prdt/image_150/0087.jpg
"상자, 상자들","Boxes, boxes",0.4X0.3X1.8 (m),청동,"카라할리오스, 코스타",Karahalios-Kosta,그리스,1988-09-30,조각의 숲,조각초대전,https://www.somamuseum.org/manage/upload_files/piece_prdt/image_150/0088.jpg
아프리카-희망,Africa-hope,2.7X0.8X3.1 (m),콘크리트,"아하이, 폴",Ahyi-Paul,토고,1988-09-30,조각의 숲,조각초대전,https://www.somamuseum.org/manage/upload_files/piece_prdt/image_150/0099.jpg
모비딕-신념을 쥐고 있는 형상,Moby dick-afigure holding fate,9.0X11.0X4.9 (m),나무,"클라만, 그르제고르즈",Klaman-Grzegorz,폴란드,1988-09-30,조각의 숲,조각초대전,https://www.somamuseum.org/manage/upload_files/piece_prdt/image_150/0101.jpg
코끼리 인간,Elephant man,0.5X0.5X1.5 (m),청동,"판 헤이동크, 폴",Van Hoeydonk-Paul,벨기에,1988-09-30,조각의 숲,조각초대전,https://www.somamuseum.org/manage/upload_files/piece_prdt/image_150/0089.jpg
나의 하늘 구멍 85-2,My sky hole 88-4,4.0X0.3X0.7 (m),철,"이노우에, 부키치",Inoue-Bukichi,일본,1988-09-30,조각의 숲,조각초대전,https://www.somamuseum.org/manage/upload_files/piece_prdt/image_150/0100.jpg
나는 나의 애인을 원해,I want my beloved,1.7X0.5X2.2 (m),합성수지,"타나볼리, 파르비츠",Tanavoli-Parviz,이란,1988-09-30,조각의 숲,조각초대전,https://www.somamuseum.org/manage/upload_files/piece_prdt/image_150/0102.jpg
매,The falcon,3.0X0.8X2.0 (m),"합성수지, 세라믹","데 기마라에스, 조세",De Guimaraes-Jose,포르투칼,1988-09-30,조각의 숲,조각초대전,https://www.somamuseum.org/manage/upload_files/piece_prdt/image_150/0103.jpg
영원을 향한 3,Tree to infinity,0.6X0.6X3.6 (m),"철, 세라믹, 청동","오웬, 로버트",Owen-Robert,오스트레일리아,1988-09-30,남2문 ,조각초대전,https://www.somamuseum.org/manage/upload_files/piece_prdt/image_150/0128.jpg
풍경을 위한 석재빔,Stone beam for Landscape,1.4X1.0X2.8 (m),화강암,"소렌젠, 요르겐 호겐",Sorensen-Jorgen Haugen,덴마크,1988-09-30,남2문 주차장,조각초대전,https://www.somamuseum.org/manage/upload_files/piece_prdt/image_150/0120.jpg
기와를 입은 대지,Land with eastern tiles,15.0X8.0X5.0 (m),한식 기와,이승택,"Lee, Seung-teak",대한민국,1988-09-30,남2문 앞,조각초대전,https://www.somamuseum.org/manage/upload_files/piece_prdt/image_150/0139.jpg
트라이 토템,Tritotem,1.2X1.2X9.0 (m),철,"페냐, 롤란도",Pena-Rolando,베네수엘라,1988-09-30,남2문 앞,조각초대전,https://www.somamuseum.org/manage/upload_files/piece_prdt/image_150/0137.jpg
초대 받은 사람,Person invired,2.95X1.65X5.0 (m),"화강암, 청동",이종빈,"Lee, Jong-bin",대한민국,1998-09-30,경륜장 인근,10주년 심포지움,https://www.somamuseum.org/manage/upload_files/piece_prdt/image_150/0123.jpg
초상화,Portrait,1.5X0.7X2.0 (m),"철, 콘크리트",응 엥 텡,Ng Eng Teng,싱가포르,1988-09-30,3체육관 앞,조각초대전,https://www.somamuseum.org/manage/upload_files/piece_prdt/image_150/0114.jpg
변신,Metamophosis,10.0X4.0X4.0 (m),알루미늄,"네그레트, 에드가",Negret-Edgar,콜롬비아,1988-04-30,우리금율아트홀 주변,2차 심포지움,https://www.somamuseum.org/manage/upload_files/piece_prdt/image_150/0145.jpg
VW를 위한 선 또는 선을 위한 VW,Zen for VW or VW for zen,4.0X1.8X8.5 (m),혼합 재료,"보스텔, 볼프",Vostell-Wolf,독일,1988-09-30,3체육관 앞,조각초대전,https://www.somamuseum.org/manage/upload_files/piece_prdt/image_150/0140.jpg
통일성,Unity,3.0X4.3X4.1 (m),청동,"홀, 나이젤",Hall-Nigel,영국,1988-04-30,한얼교 앞,2차 심포지움,https://www.somamuseum.org/manage/upload_files/piece_prdt/image_150/0149.jpg
관계항-예감 속에서,Relatum-by omen,14.0X15.0X2.3 (m),"철, 화강암",이우환,"Lee, U-hwan",대한민국,1988-04-30,한얼교 앞,2차 심포지움,https://www.somamuseum.org/manage/upload_files/piece_prdt/image_150/0152.jpg
위장지,Impersonation station,9.8X13.0X9.0 (m),"스테인레스 스틸, 콘크리트","오펜하임, 데니스",Oppenheim-Dennis,미국,1988-04-30,만남의 광장,2차 심포지움,https://www.somamuseum.org/manage/upload_files/piece_prdt/image_150/0142.jpg
떨어지는 것은 날아오른다,What falls is flying,4.0X2.5X4.5 (m),"철, 유리",강은엽,"Kang, Eun-yup",대한민국,1988-09-30,만남의 광장,조각초대전,https://www.somamuseum.org/manage/upload_files/piece_prdt/image_150/0141.jpg
딘 딘댕동,Din : ding-dang-dong,1150x1230x520(cm),철,"헬리어, 나이젤",Helyer-Nigel,오스트레일리아,1988-04-30,만남의 광장,2차 심포지움,https://www.somamuseum.org/manage/upload_files/piece_prdt/image_150/0136.jpg
무제,Untitled,3.2X3.2X6.0 (m),화강암,"구즈만, 알베르토",Guzman-Alberto,페루,1987-09-30,남2문 주차장,1차 심포지움,https://www.somamuseum.org/manage/upload_files/piece_prdt/image_150/0115.jpg
매달린 자연,Hanging nature,6.0X6.0X8.0 (m),스테인리스 스틸,홍성도,"Hong, Seong-do",대한민국,1998-09-01,3체육관 인근,10주년 심포지움,https://www.somamuseum.org/manage/upload_files/piece_prdt/image_150/0125.jpg
무제,Untitled,3.4X0.9X2.0 (m),알루미늄,"기요미쯔, 큐베이",Kiyomizu-Kyubei,일본,1988-09-30,컨벤션 센터 입구,조각초대전,https://www.somamuseum.org/manage/upload_files/piece_prdt/image_150/0063.jpg
무제,Untitled,1.9X1.6X2.9 (m),나무,왕 케핑,Wang-Keping,중국,1988-09-30,올림픽홀 앞,조각초대전,https://www.somamuseum.org/manage/upload_files/piece_prdt/image_150/2004011518025018457_b.jpg
대지의 귀,ear of the earth,5.4X1.0X1.6 (m),화강암,최인수,"Choi, In-su",대한민국,2011-12-27,들꽃마루,재제작 설치,https://www.somamuseum.org/manage/upload_files/piece_prdt/image_150/0117.jpg
가상의 구,A virtual sphere,17.0X17.0X24.0 (m),알루미늄,"소토, 헤수 라파엘",Soto-Jesus Rafael,베네수엘라,1988-04-30,장미정원,2차 심포지움,https://www.somamuseum.org/manage/upload_files/piece_prdt/image_150/0135.jpg
실루엣 88,Silhouette 88,3.2X2.4X4.0 (m),화강암,강태성,"Kang, Tai-sung",대한민국,1988-09-30,조각의 숲 인근,조각초대전,https://www.somamuseum.org/manage/upload_files/piece_prdt/image_150/0134.jpg
태극문,Tai-chi-gate,6.0X3.5X4.2 (m),청동,쥬 밍,Ju Ming,차이니스 타이페이,1988-09-30,88마당 옆,조각초대전,https://www.somamuseum.org/manage/upload_files/piece_prdt/image_150/0181.jpg
해탈의 하늘,Sky for nirvana,1X9 (m),철,이상현,"Lee, Sang-hyeon",대한민국,1998-09-30,벨로드롬,10주년 심포지움,https://www.somamuseum.org/manage/upload_files/piece_prdt/image_150/0116.jpg
용의 공간,Poland,42.0X11.0X2.2 (m),청동,"아바카노비치, 막달레나",Abakanowicz-Magdalena,폴란드,1988-04-30,88마당,2차 심포지움,https://www.somamuseum.org/manage/upload_files/piece_prdt/image_150/0151.jpg
현전,Before the present,15.0X4.0X3.0 (m),화강암,심문섭,"Shim, Moon-seup",대한민국,1987-09-30,88마당,1차 심포지움,https://www.somamuseum.org/manage/upload_files/piece_prdt/image_150/0153.jpg
이등변 삼각형,Lsosceles,3.0X3.3X3.1 (m),"스테인레스 스틸, 철","메르카도, 니심",Merkado-Nissim,이스라엘,1988-09-30,88마당 옆,조각초대전,https://www.somamuseum.org/manage/upload_files/piece_prdt/image_150/0004.jpg
어제와 그제-오늘과 내일,Yesterday and the before yesterday - Today and Tomorrow,7.0X3.0X4.0 (m),"자연석, 화강암, 철","디트만, 에릭",Dietman-Erik,스웨덴,1987-09-30,88마당,1차 심포지움,https://www.somamuseum.org/manage/upload_files/piece_prdt/image_150/0138.jpg
승리 서울-88,Victory Seoul-88,6.8X6.8X9.0 (m),합성 수지,"코시체, 귤라",Kosice-Gyula,아르헨티나,1988-04-30,벨로드롬 내,2차 심포지움,https://www.somamuseum.org/manage/upload_files/piece_prdt/image_150/0143.jpg
연(緣),Encounter 9801,9.4X1.6X3.5 (m),"화강암, 오석",박상숙,"Park, Sang-suk",대한민국,1998-09-30,우리금융아트홀,10주년 심포지움,https://www.somamuseum.org/manage/upload_files/piece_prdt/image_150/0119.jpg
소리-삶 속에서,Voice-Among the live,2.4X1.5X7.3 (m),"화강암, 동",전 준,"Jeon, Jun",대한민국,1998-09-30,88마당 옆,10주년 심포지움,https://www.somamuseum.org/manage/upload_files/piece_prdt/image_150/0122.jpg
개의 세계,Dog's own world,18.0X5.6X11.5 (m),"화강암, 철, 콘크리트","브뤼스, 마크",Brusse-Mark,네덜란드,1987-09-30,88마당,1차 심포지움,https://www.somamuseum.org/manage/upload_files/piece_prdt/image_150/0144.jpg
무제,Untitled,5.3X0.9X2.0 (m),화강암,엄태정,"Um, Tai-jung",대한민국,1988-09-30,88마당,조각초대전,https://www.somamuseum.org/manage/upload_files/piece_prdt/image_150/0150.jpg
힘찬 영혼,Power soul,7.2X7.0X4.0 (m),철,"에트로그, 소렐",Etrog-Sorel,캐나다,1988-04-30,체조경기장 주변,2차 심포지움,https://www.somamuseum.org/manage/upload_files/piece_prdt/image_150/0154.jpg
다른 두 개의 교차,Crossing,7.5X3.0X3.2 (m),청동,박종배,"Park, Chong-bae",대한민국,1988-04-30,체조경기장 주변,2차 심포지움,https://www.somamuseum.org/manage/upload_files/piece_prdt/image_150/0146.jpg
확산공간 88,Site for expansion 88,10.0X5.0X5.0 (m),청동,이종각,"Lee, Chong-gak",대한민국,1988-04-30,88마당 앞,2차 심포지움,https://www.somamuseum.org/manage/upload_files/piece_prdt/image_150/0147.jpg
88 서울올림픽,Seoul 88 Olympics,37.0X2.0X27.0 (m),콘크리트,"스타치올리, 마우로",Staccioli-Mauro,이탈리아,1987-09-30,체조경기장 주변,1차 심포지움,https://www.somamuseum.org/manage/upload_files/piece_prdt/image_150/0155.jpg
